//=========== cmart client ==========
DROP TABLE IF EXISTS client;
CREATE TABLE client (
	 client_id INT NOT NULL
	,first_name VARCHAR NOT NULL
	,last_name VARCHAR NOT NULL
	,is_pep VARCHAR NOT NULL
	,domicile_region VARCHAR NOT NULL
	,domicile_country VARCHAR NOT NULL
	,client_segment VARCHAR NOT NULL

);
INSERT INTO client (client_id,first_name,last_name,is_pep,domicile_region,domicile_country,client_segment) VALUES (6528545,'Peter','Wallace','Y','EMEA','VA','REGULAR');
INSERT INTO client (client_id,first_name,last_name,is_pep,domicile_region,domicile_country,client_segment) VALUES (3950576,'Dominic','Anderson','N','APAC','SL','WEALTH');
INSERT INTO client (client_id,first_name,last_name,is_pep,domicile_region,domicile_country,client_segment) VALUES (4683562,'Kristine','Williams','Y','EMEA','GM','WEALTH');
INSERT INTO client (client_id,first_name,last_name,is_pep,domicile_region,domicile_country,client_segment) VALUES (6097199,'James','Thompson','Y','AM','CF','ULTRA');
INSERT INTO client (client_id,first_name,last_name,is_pep,domicile_region,domicile_country,client_segment) VALUES (7467861,'Mark','Kennedy','N','EMEA','BB','ULTRA');
INSERT INTO client (client_id,first_name,last_name,is_pep,domicile_region,domicile_country,client_segment) VALUES (7181409,'Ashley','Garcia','Y','APAC','LV','REGULAR');
INSERT INTO client (client_id,first_name,last_name,is_pep,domicile_region,domicile_country,client_segment) VALUES (2554571,'Vernon','Barnes','N','EMEA','IS','ULTRA');
INSERT INTO client (client_id,first_name,last_name,is_pep,domicile_region,domicile_country,client_segment) VALUES (9026746,'Amy','Morgan','Y','EMEA','GD','REGULAR');
INSERT INTO client (client_id,first_name,last_name,is_pep,domicile_region,domicile_country,client_segment) VALUES (8597970,'Sandra','Mejia','N','AM','TM','WEALTH');
INSERT INTO client (client_id,first_name,last_name,is_pep,domicile_region,domicile_country,client_segment) VALUES (7402789,'Cynthia','Williams','Y','EMEA','NG','REGULAR');
INSERT INTO client (client_id,first_name,last_name,is_pep,domicile_region,domicile_country,client_segment) VALUES (5917951,'Daniel','Schultz','Y','AM','MU','ULTRA');
INSERT INTO client (client_id,first_name,last_name,is_pep,domicile_region,domicile_country,client_segment) VALUES (8858364,'Jessica','Sims','N','APAC','LU','WEALTH');
INSERT INTO client (client_id,first_name,last_name,is_pep,domicile_region,domicile_country,client_segment) VALUES (1055275,'Lauren','Harmon','N','AM','TV','WEALTH');
INSERT INTO client (client_id,first_name,last_name,is_pep,domicile_region,domicile_country,client_segment) VALUES (7542713,'Ryan','Lawrence','Y','EMEA','MZ','WEALTH');
INSERT INTO client (client_id,first_name,last_name,is_pep,domicile_region,domicile_country,client_segment) VALUES (5456466,'Dominic','Reynolds','Y','EMEA','MY','ULTRA');
INSERT INTO client (client_id,first_name,last_name,is_pep,domicile_region,domicile_country,client_segment) VALUES (2439220,'Christopher','Wagner','N','EMEA','DM','WEALTH');
INSERT INTO client (client_id,first_name,last_name,is_pep,domicile_region,domicile_country,client_segment) VALUES (4226207,'Joshua','Wright','Y','AM','GR','REGULAR');
INSERT INTO client (client_id,first_name,last_name,is_pep,domicile_region,domicile_country,client_segment) VALUES (5233183,'Ashley','Martin','Y','APAC','TW','ULTRA');
INSERT INTO client (client_id,first_name,last_name,is_pep,domicile_region,domicile_country,client_segment) VALUES (1889650,'Brian','Cooper','N','EMEA','DO','ULTRA');
INSERT INTO client (client_id,first_name,last_name,is_pep,domicile_region,domicile_country,client_segment) VALUES (2041245,'Nicholas','Tate','N','EMEA','MK','WEALTH');
INSERT INTO client (client_id,first_name,last_name,is_pep,domicile_region,domicile_country,client_segment) VALUES (6928691,'Kelsey','Lang','Y','APAC','CA','ULTRA');
INSERT INTO client (client_id,first_name,last_name,is_pep,domicile_region,domicile_country,client_segment) VALUES (9353134,'Sean','Bruce','N','AM','AD','WEALTH');
INSERT INTO client (client_id,first_name,last_name,is_pep,domicile_region,domicile_country,client_segment) VALUES (2870889,'Brandon','Grimes','N','APAC','GE','WEALTH');
INSERT INTO client (client_id,first_name,last_name,is_pep,domicile_region,domicile_country,client_segment) VALUES (9324385,'Amanda','Parker','N','APAC','CD','ULTRA');
INSERT INTO client (client_id,first_name,last_name,is_pep,domicile_region,domicile_country,client_segment) VALUES (7040033,'Joseph','Silva','Y','AM','IN','ULTRA');
INSERT INTO client (client_id,first_name,last_name,is_pep,domicile_region,domicile_country,client_segment) VALUES (3552259,'Keith','Rodriguez','N','APAC','ML','WEALTH');
INSERT INTO client (client_id,first_name,last_name,is_pep,domicile_region,domicile_country,client_segment) VALUES (6709197,'Brian','Holmes','Y','APAC','RW','REGULAR');
INSERT INTO client (client_id,first_name,last_name,is_pep,domicile_region,domicile_country,client_segment) VALUES (7057834,'Amy','Carlson','N','AM','MD','ULTRA');
INSERT INTO client (client_id,first_name,last_name,is_pep,domicile_region,domicile_country,client_segment) VALUES (5079915,'Raymond','Ellison','N','APAC','ZM','REGULAR');
INSERT INTO client (client_id,first_name,last_name,is_pep,domicile_region,domicile_country,client_segment) VALUES (7642455,'Willie','Hartman','N','AM','RS','WEALTH');
INSERT INTO client (client_id,first_name,last_name,is_pep,domicile_region,domicile_country,client_segment) VALUES (2510428,'Brian','Booth','N','AM','SC','REGULAR');
INSERT INTO client (client_id,first_name,last_name,is_pep,domicile_region,domicile_country,client_segment) VALUES (1214334,'Robin','Lopez','Y','AM','GW','ULTRA');
INSERT INTO client (client_id,first_name,last_name,is_pep,domicile_region,domicile_country,client_segment) VALUES (7284450,'Anthony','Jackson','N','AM','TO','WEALTH');
INSERT INTO client (client_id,first_name,last_name,is_pep,domicile_region,domicile_country,client_segment) VALUES (7845996,'Jasmine','Freeman','Y','APAC','IS','WEALTH');
INSERT INTO client (client_id,first_name,last_name,is_pep,domicile_region,domicile_country,client_segment) VALUES (8822674,'Alison','Anderson','Y','AM','AT','WEALTH');
INSERT INTO client (client_id,first_name,last_name,is_pep,domicile_region,domicile_country,client_segment) VALUES (6012446,'Derek','Owens','Y','EMEA','IL','REGULAR');
INSERT INTO client (client_id,first_name,last_name,is_pep,domicile_region,domicile_country,client_segment) VALUES (2685315,'Amber','Simon','Y','AM','AT','REGULAR');
INSERT INTO client (client_id,first_name,last_name,is_pep,domicile_region,domicile_country,client_segment) VALUES (8061799,'Eric','Branch','Y','APAC','VA','WEALTH');
INSERT INTO client (client_id,first_name,last_name,is_pep,domicile_region,domicile_country,client_segment) VALUES (5821225,'Denise','Saunders','Y','APAC','UA','WEALTH');
INSERT INTO client (client_id,first_name,last_name,is_pep,domicile_region,domicile_country,client_segment) VALUES (7298735,'Bradley','Reynolds','Y','EMEA','AD','ULTRA');
INSERT INTO client (client_id,first_name,last_name,is_pep,domicile_region,domicile_country,client_segment) VALUES (6138518,'Sherry','Hood','Y','EMEA','ZA','REGULAR');
INSERT INTO client (client_id,first_name,last_name,is_pep,domicile_region,domicile_country,client_segment) VALUES (8736183,'Kelly','Schwartz','Y','APAC','GT','WEALTH');
INSERT INTO client (client_id,first_name,last_name,is_pep,domicile_region,domicile_country,client_segment) VALUES (7014424,'Tracey','Long','N','EMEA','SB','REGULAR');
INSERT INTO client (client_id,first_name,last_name,is_pep,domicile_region,domicile_country,client_segment) VALUES (9316258,'Karen','Franco','N','EMEA','IT','REGULAR');
INSERT INTO client (client_id,first_name,last_name,is_pep,domicile_region,domicile_country,client_segment) VALUES (3744279,'Jeremy','Becker','Y','EMEA','BD','ULTRA');
INSERT INTO client (client_id,first_name,last_name,is_pep,domicile_region,domicile_country,client_segment) VALUES (2580886,'Rebecca','Black','Y','APAC','BB','WEALTH');
INSERT INTO client (client_id,first_name,last_name,is_pep,domicile_region,domicile_country,client_segment) VALUES (7369686,'Alexandra','Peterson','Y','APAC','CD','WEALTH');
INSERT INTO client (client_id,first_name,last_name,is_pep,domicile_region,domicile_country,client_segment) VALUES (4302822,'Andrea','Greer','N','APAC','BO','WEALTH');
INSERT INTO client (client_id,first_name,last_name,is_pep,domicile_region,domicile_country,client_segment) VALUES (6506450,'Debra','Murray','N','APAC','VN','REGULAR');
INSERT INTO client (client_id,first_name,last_name,is_pep,domicile_region,domicile_country,client_segment) VALUES (1114777,'Debra','Collins','N','EMEA','PK','WEALTH');
INSERT INTO client (client_id,first_name,last_name,is_pep,domicile_region,domicile_country,client_segment) VALUES (7437546,'Tina','Cooley','Y','APAC','SN','ULTRA');
INSERT INTO client (client_id,first_name,last_name,is_pep,domicile_region,domicile_country,client_segment) VALUES (3904896,'Karen','Jones','N','EMEA','FR','WEALTH');
INSERT INTO client (client_id,first_name,last_name,is_pep,domicile_region,domicile_country,client_segment) VALUES (8771251,'Tammy','Davis','Y','AM','SK','ULTRA');
INSERT INTO client (client_id,first_name,last_name,is_pep,domicile_region,domicile_country,client_segment) VALUES (8126156,'Ashley','Garcia','N','AM','NO','ULTRA');
INSERT INTO client (client_id,first_name,last_name,is_pep,domicile_region,domicile_country,client_segment) VALUES (2951552,'Christian','Smith','N','EMEA','PS','ULTRA');
INSERT INTO client (client_id,first_name,last_name,is_pep,domicile_region,domicile_country,client_segment) VALUES (9382184,'John','Herman','Y','EMEA','PE','REGULAR');
INSERT INTO client (client_id,first_name,last_name,is_pep,domicile_region,domicile_country,client_segment) VALUES (9224367,'Marcus','Evans','Y','APAC','GT','REGULAR');
INSERT INTO client (client_id,first_name,last_name,is_pep,domicile_region,domicile_country,client_segment) VALUES (3934057,'Susan','Ortiz','N','EMEA','RS','WEALTH');
INSERT INTO client (client_id,first_name,last_name,is_pep,domicile_region,domicile_country,client_segment) VALUES (5812731,'Elizabeth','Williams','Y','AM','NE','REGULAR');
INSERT INTO client (client_id,first_name,last_name,is_pep,domicile_region,domicile_country,client_segment) VALUES (1369383,'Scott','Salazar','N','EMEA','TL','WEALTH');
INSERT INTO client (client_id,first_name,last_name,is_pep,domicile_region,domicile_country,client_segment) VALUES (1169301,'Brenda','Stevens','N','APAC','ET','WEALTH');
INSERT INTO client (client_id,first_name,last_name,is_pep,domicile_region,domicile_country,client_segment) VALUES (4216534,'Jennifer','Kirby','N','APAC','DM','ULTRA');
INSERT INTO client (client_id,first_name,last_name,is_pep,domicile_region,domicile_country,client_segment) VALUES (9799923,'Kyle','Miller','Y','EMEA','SV','REGULAR');
INSERT INTO client (client_id,first_name,last_name,is_pep,domicile_region,domicile_country,client_segment) VALUES (2529270,'Darryl','Alvarez','N','AM','VE','WEALTH');
INSERT INTO client (client_id,first_name,last_name,is_pep,domicile_region,domicile_country,client_segment) VALUES (3805572,'Ashley','Ward','Y','AM','KG','REGULAR');
INSERT INTO client (client_id,first_name,last_name,is_pep,domicile_region,domicile_country,client_segment) VALUES (6568770,'Melissa','Gillespie','Y','EMEA','UA','REGULAR');
INSERT INTO client (client_id,first_name,last_name,is_pep,domicile_region,domicile_country,client_segment) VALUES (7875768,'Jonathan','Schultz','N','AM','PG','REGULAR');
INSERT INTO client (client_id,first_name,last_name,is_pep,domicile_region,domicile_country,client_segment) VALUES (8117515,'Cindy','Rivera','N','APAC','IN','WEALTH');
INSERT INTO client (client_id,first_name,last_name,is_pep,domicile_region,domicile_country,client_segment) VALUES (8568669,'Michael','Moore','Y','APAC','PE','REGULAR');
INSERT INTO client (client_id,first_name,last_name,is_pep,domicile_region,domicile_country,client_segment) VALUES (2585578,'Ian','Hunt','N','APAC','NR','REGULAR');
INSERT INTO client (client_id,first_name,last_name,is_pep,domicile_region,domicile_country,client_segment) VALUES (9272951,'Rachael','Gomez','Y','AM','HU','REGULAR');
INSERT INTO client (client_id,first_name,last_name,is_pep,domicile_region,domicile_country,client_segment) VALUES (5956801,'Kenneth','Hill','Y','APAC','MZ','WEALTH');
INSERT INTO client (client_id,first_name,last_name,is_pep,domicile_region,domicile_country,client_segment) VALUES (1209258,'Elizabeth','Price','N','APAC','CA','ULTRA');
INSERT INTO client (client_id,first_name,last_name,is_pep,domicile_region,domicile_country,client_segment) VALUES (7010147,'Steven','Dalton','Y','EMEA','TW','WEALTH');
INSERT INTO client (client_id,first_name,last_name,is_pep,domicile_region,domicile_country,client_segment) VALUES (4066917,'Diane','Strickland','N','APAC','CR','REGULAR');
INSERT INTO client (client_id,first_name,last_name,is_pep,domicile_region,domicile_country,client_segment) VALUES (5163545,'Lisa','Fox','Y','APAC','UA','ULTRA');
INSERT INTO client (client_id,first_name,last_name,is_pep,domicile_region,domicile_country,client_segment) VALUES (7207779,'Billy','Brown','Y','AM','GT','WEALTH');
INSERT INTO client (client_id,first_name,last_name,is_pep,domicile_region,domicile_country,client_segment) VALUES (8008967,'Tyler','Jones','Y','EMEA','DM','REGULAR');
INSERT INTO client (client_id,first_name,last_name,is_pep,domicile_region,domicile_country,client_segment) VALUES (3753328,'Melanie','Bender','Y','APAC','AR','ULTRA');
INSERT INTO client (client_id,first_name,last_name,is_pep,domicile_region,domicile_country,client_segment) VALUES (3731014,'Jacqueline','Scott','Y','EMEA','KN','REGULAR');
INSERT INTO client (client_id,first_name,last_name,is_pep,domicile_region,domicile_country,client_segment) VALUES (5159004,'John','Simmons','Y','APAC','BS','REGULAR');
INSERT INTO client (client_id,first_name,last_name,is_pep,domicile_region,domicile_country,client_segment) VALUES (5190382,'Steven','Perez','N','AM','HN','WEALTH');
INSERT INTO client (client_id,first_name,last_name,is_pep,domicile_region,domicile_country,client_segment) VALUES (9091454,'Brittney','Morris','N','EMEA','MV','ULTRA');
INSERT INTO client (client_id,first_name,last_name,is_pep,domicile_region,domicile_country,client_segment) VALUES (7943471,'Jennifer','Fernandez','N','EMEA','KP','WEALTH');
INSERT INTO client (client_id,first_name,last_name,is_pep,domicile_region,domicile_country,client_segment) VALUES (8496269,'James','Hill','Y','AM','IQ','REGULAR');
INSERT INTO client (client_id,first_name,last_name,is_pep,domicile_region,domicile_country,client_segment) VALUES (2859103,'Karen','Livingston','Y','EMEA','AO','ULTRA');
INSERT INTO client (client_id,first_name,last_name,is_pep,domicile_region,domicile_country,client_segment) VALUES (2143416,'Michael','Clark','N','AM','CN','REGULAR');
INSERT INTO client (client_id,first_name,last_name,is_pep,domicile_region,domicile_country,client_segment) VALUES (6886507,'Tony','Williams','Y','APAC','ML','REGULAR');
INSERT INTO client (client_id,first_name,last_name,is_pep,domicile_region,domicile_country,client_segment) VALUES (2965961,'Jason','Yu','Y','EMEA','NO','ULTRA');
INSERT INTO client (client_id,first_name,last_name,is_pep,domicile_region,domicile_country,client_segment) VALUES (7798838,'Joel','Lynch','Y','APAC','TW','WEALTH');
INSERT INTO client (client_id,first_name,last_name,is_pep,domicile_region,domicile_country,client_segment) VALUES (1091894,'Elizabeth','Jones','N','APAC','MZ','REGULAR');
INSERT INTO client (client_id,first_name,last_name,is_pep,domicile_region,domicile_country,client_segment) VALUES (1038616,'Carl','Griffin','Y','APAC','SD','REGULAR');
INSERT INTO client (client_id,first_name,last_name,is_pep,domicile_region,domicile_country,client_segment) VALUES (9032761,'Stephanie','Cook','N','AM','NO','REGULAR');
INSERT INTO client (client_id,first_name,last_name,is_pep,domicile_region,domicile_country,client_segment) VALUES (2486261,'Mary','Wilson','Y','APAC','MM','WEALTH');
INSERT INTO client (client_id,first_name,last_name,is_pep,domicile_region,domicile_country,client_segment) VALUES (2664804,'Eric','Gibson','Y','AM','NG','ULTRA');
INSERT INTO client (client_id,first_name,last_name,is_pep,domicile_region,domicile_country,client_segment) VALUES (2922637,'Leslie','Powell','Y','APAC','AG','WEALTH');
INSERT INTO client (client_id,first_name,last_name,is_pep,domicile_region,domicile_country,client_segment) VALUES (7380300,'Jessica','Hodges','N','EMEA','GM','REGULAR');
INSERT INTO client (client_id,first_name,last_name,is_pep,domicile_region,domicile_country,client_segment) VALUES (1451360,'Joseph','Ramos','N','APAC','PS','ULTRA');
INSERT INTO client (client_id,first_name,last_name,is_pep,domicile_region,domicile_country,client_segment) VALUES (7924434,'Antonio','Collins','N','AM','SZ','REGULAR');
INSERT INTO client (client_id,first_name,last_name,is_pep,domicile_region,domicile_country,client_segment) VALUES (3337979,'Frank','Rice','N','APAC','IL','REGULAR');
//=========== cmart account ==========
DROP TABLE IF EXISTS account;
CREATE TABLE account (
	 account_id INT NOT NULL
	,account_region VARCHAR NOT NULL
	,client_id INT NOT NULL
	,booking_region VARCHAR NOT NULL
	,booking_country VARCHAR NOT NULL

);
INSERT INTO account (account_id,account_region,client_id,booking_region,booking_country) VALUES (3316010,'APAC',7642455,'AM','FR');
INSERT INTO account (account_id,account_region,client_id,booking_region,booking_country) VALUES (6702362,'AM',5821225,'AM','KH');
INSERT INTO account (account_id,account_region,client_id,booking_region,booking_country) VALUES (3504126,'AM',1114777,'EMEA','PY');
INSERT INTO account (account_id,account_region,client_id,booking_region,booking_country) VALUES (7956253,'AM',9316258,'APAC','TR');
INSERT INTO account (account_id,account_region,client_id,booking_region,booking_country) VALUES (5164351,'EMEA',3744279,'EMEA','MC');
INSERT INTO account (account_id,account_region,client_id,booking_region,booking_country) VALUES (5213083,'APAC',4302822,'EMEA','MH');
INSERT INTO account (account_id,account_region,client_id,booking_region,booking_country) VALUES (7958821,'EMEA',7040033,'APAC','HU');
INSERT INTO account (account_id,account_region,client_id,booking_region,booking_country) VALUES (7717418,'EMEA',1214334,'APAC','BE');
INSERT INTO account (account_id,account_region,client_id,booking_region,booking_country) VALUES (7923518,'APAC',9091454,'APAC','DZ');
INSERT INTO account (account_id,account_region,client_id,booking_region,booking_country) VALUES (7076380,'APAC',5812731,'EMEA','GA');
INSERT INTO account (account_id,account_region,client_id,booking_region,booking_country) VALUES (1907798,'APAC',2664804,'AM','PH');
INSERT INTO account (account_id,account_region,client_id,booking_region,booking_country) VALUES (5831328,'APAC',3950576,'AM','LC');
INSERT INTO account (account_id,account_region,client_id,booking_region,booking_country) VALUES (9489909,'EMEA',2486261,'APAC','TT');
INSERT INTO account (account_id,account_region,client_id,booking_region,booking_country) VALUES (4794524,'AM',4302822,'AM','NG');
INSERT INTO account (account_id,account_region,client_id,booking_region,booking_country) VALUES (2432227,'EMEA',6506450,'EMEA','AM');
INSERT INTO account (account_id,account_region,client_id,booking_region,booking_country) VALUES (4112277,'EMEA',5163545,'EMEA','GE');
INSERT INTO account (account_id,account_region,client_id,booking_region,booking_country) VALUES (7459668,'AM',2143416,'APAC','BS');
INSERT INTO account (account_id,account_region,client_id,booking_region,booking_country) VALUES (6305062,'APAC',9224367,'EMEA','HU');
INSERT INTO account (account_id,account_region,client_id,booking_region,booking_country) VALUES (5350365,'EMEA',5233183,'AM','HR');
INSERT INTO account (account_id,account_region,client_id,booking_region,booking_country) VALUES (4963886,'EMEA',7467861,'APAC','QA');
INSERT INTO account (account_id,account_region,client_id,booking_region,booking_country) VALUES (4870964,'APAC',1889650,'AM','LU');
INSERT INTO account (account_id,account_region,client_id,booking_region,booking_country) VALUES (2010042,'APAC',6138518,'APAC','FR');
INSERT INTO account (account_id,account_region,client_id,booking_region,booking_country) VALUES (2087770,'EMEA',9799923,'AM','SY');
INSERT INTO account (account_id,account_region,client_id,booking_region,booking_country) VALUES (6028942,'APAC',8597970,'AM','LR');
INSERT INTO account (account_id,account_region,client_id,booking_region,booking_country) VALUES (4939651,'EMEA',9026746,'APAC','IQ');
INSERT INTO account (account_id,account_region,client_id,booking_region,booking_country) VALUES (6100967,'APAC',3950576,'AM','MX');
INSERT INTO account (account_id,account_region,client_id,booking_region,booking_country) VALUES (2625589,'APAC',2664804,'EMEA','MY');
INSERT INTO account (account_id,account_region,client_id,booking_region,booking_country) VALUES (3193393,'EMEA',6528545,'EMEA','VC');
INSERT INTO account (account_id,account_region,client_id,booking_region,booking_country) VALUES (3521366,'AM',2439220,'AM','PK');
INSERT INTO account (account_id,account_region,client_id,booking_region,booking_country) VALUES (5786867,'AM',2554571,'AM','NE');
INSERT INTO account (account_id,account_region,client_id,booking_region,booking_country) VALUES (7661538,'APAC',7467861,'APAC','ES');
INSERT INTO account (account_id,account_region,client_id,booking_region,booking_country) VALUES (5468491,'AM',2585578,'EMEA','TG');
INSERT INTO account (account_id,account_region,client_id,booking_region,booking_country) VALUES (7967024,'EMEA',2580886,'EMEA','MV');
INSERT INTO account (account_id,account_region,client_id,booking_region,booking_country) VALUES (3165588,'AM',5079915,'APAC','BS');
INSERT INTO account (account_id,account_region,client_id,booking_region,booking_country) VALUES (1543284,'EMEA',2041245,'AM','BG');
INSERT INTO account (account_id,account_region,client_id,booking_region,booking_country) VALUES (6165485,'AM',5956801,'APAC','IL');
INSERT INTO account (account_id,account_region,client_id,booking_region,booking_country) VALUES (8850754,'APAC',5456466,'AM','ET');
INSERT INTO account (account_id,account_region,client_id,booking_region,booking_country) VALUES (6823620,'APAC',7402789,'AM','MH');
INSERT INTO account (account_id,account_region,client_id,booking_region,booking_country) VALUES (7446439,'AM',3934057,'EMEA','SN');
INSERT INTO account (account_id,account_region,client_id,booking_region,booking_country) VALUES (7337811,'AM',5233183,'AM','MW');
INSERT INTO account (account_id,account_region,client_id,booking_region,booking_country) VALUES (7426419,'AM',8771251,'APAC','PL');
INSERT INTO account (account_id,account_region,client_id,booking_region,booking_country) VALUES (6028266,'APAC',5159004,'EMEA','CV');
INSERT INTO account (account_id,account_region,client_id,booking_region,booking_country) VALUES (8559128,'APAC',2664804,'APAC','DK');
INSERT INTO account (account_id,account_region,client_id,booking_region,booking_country) VALUES (3217407,'EMEA',1169301,'EMEA','GR');
INSERT INTO account (account_id,account_region,client_id,booking_region,booking_country) VALUES (1230856,'EMEA',5821225,'APAC','VC');
INSERT INTO account (account_id,account_region,client_id,booking_region,booking_country) VALUES (9397217,'EMEA',6568770,'AM','ST');
INSERT INTO account (account_id,account_region,client_id,booking_region,booking_country) VALUES (9397616,'AM',9799923,'APAC','GB');
INSERT INTO account (account_id,account_region,client_id,booking_region,booking_country) VALUES (1242658,'EMEA',8008967,'EMEA','CR');
INSERT INTO account (account_id,account_region,client_id,booking_region,booking_country) VALUES (8777435,'AM',7207779,'AM','TZ');
INSERT INTO account (account_id,account_region,client_id,booking_region,booking_country) VALUES (4674292,'EMEA',1091894,'AM','MR');
INSERT INTO account (account_id,account_region,client_id,booking_region,booking_country) VALUES (3520026,'AM',7437546,'EMEA','LT');
INSERT INTO account (account_id,account_region,client_id,booking_region,booking_country) VALUES (8738532,'EMEA',7057834,'AM','CU');
INSERT INTO account (account_id,account_region,client_id,booking_region,booking_country) VALUES (3514471,'APAC',1451360,'APAC','PS');
INSERT INTO account (account_id,account_region,client_id,booking_region,booking_country) VALUES (7621658,'AM',1889650,'APAC','TO');
INSERT INTO account (account_id,account_region,client_id,booking_region,booking_country) VALUES (9627122,'APAC',7207779,'AM','HT');
INSERT INTO account (account_id,account_region,client_id,booking_region,booking_country) VALUES (6959693,'EMEA',7402789,'AM','GW');
INSERT INTO account (account_id,account_region,client_id,booking_region,booking_country) VALUES (2951583,'APAC',7298735,'APAC','ID');
INSERT INTO account (account_id,account_region,client_id,booking_region,booking_country) VALUES (6617570,'APAC',7369686,'APAC','LB');
INSERT INTO account (account_id,account_region,client_id,booking_region,booking_country) VALUES (5551780,'APAC',2922637,'EMEA','BZ');
INSERT INTO account (account_id,account_region,client_id,booking_region,booking_country) VALUES (1102135,'EMEA',7380300,'AM','BI');
INSERT INTO account (account_id,account_region,client_id,booking_region,booking_country) VALUES (3014033,'APAC',5159004,'EMEA','JP');
INSERT INTO account (account_id,account_region,client_id,booking_region,booking_country) VALUES (9099147,'APAC',5079915,'APAC','WS');
INSERT INTO account (account_id,account_region,client_id,booking_region,booking_country) VALUES (1089381,'EMEA',5956801,'AM','SB');
INSERT INTO account (account_id,account_region,client_id,booking_region,booking_country) VALUES (2637999,'EMEA',9324385,'AM','GN');
INSERT INTO account (account_id,account_region,client_id,booking_region,booking_country) VALUES (1634902,'EMEA',4302822,'EMEA','BJ');
INSERT INTO account (account_id,account_region,client_id,booking_region,booking_country) VALUES (2524283,'APAC',2554571,'EMEA','CD');
INSERT INTO account (account_id,account_region,client_id,booking_region,booking_country) VALUES (2034523,'AM',2143416,'AM','PL');
INSERT INTO account (account_id,account_region,client_id,booking_region,booking_country) VALUES (9930013,'AM',5956801,'APAC','NA');
INSERT INTO account (account_id,account_region,client_id,booking_region,booking_country) VALUES (6099693,'APAC',1038616,'AM','NO');
INSERT INTO account (account_id,account_region,client_id,booking_region,booking_country) VALUES (9685008,'EMEA',7467861,'EMEA','PL');
INSERT INTO account (account_id,account_region,client_id,booking_region,booking_country) VALUES (7560002,'APAC',6928691,'AM','JM');
INSERT INTO account (account_id,account_region,client_id,booking_region,booking_country) VALUES (2269254,'EMEA',9799923,'EMEA','MK');
INSERT INTO account (account_id,account_region,client_id,booking_region,booking_country) VALUES (5304869,'APAC',1055275,'AM','LS');
INSERT INTO account (account_id,account_region,client_id,booking_region,booking_country) VALUES (4062345,'APAC',3950576,'EMEA','VU');
INSERT INTO account (account_id,account_region,client_id,booking_region,booking_country) VALUES (5928025,'EMEA',8117515,'APAC','DZ');
INSERT INTO account (account_id,account_region,client_id,booking_region,booking_country) VALUES (5089149,'EMEA',9032761,'EMEA','MC');
INSERT INTO account (account_id,account_region,client_id,booking_region,booking_country) VALUES (7885135,'EMEA',1169301,'APAC','DE');
INSERT INTO account (account_id,account_region,client_id,booking_region,booking_country) VALUES (7948686,'EMEA',5917951,'APAC','BW');
INSERT INTO account (account_id,account_region,client_id,booking_region,booking_country) VALUES (2251613,'AM',8858364,'AM','IQ');
INSERT INTO account (account_id,account_region,client_id,booking_region,booking_country) VALUES (6298967,'AM',3744279,'EMEA','AL');
INSERT INTO account (account_id,account_region,client_id,booking_region,booking_country) VALUES (9874183,'EMEA',2922637,'AM','CR');
INSERT INTO account (account_id,account_region,client_id,booking_region,booking_country) VALUES (9946624,'AM',7014424,'APAC','GB');
INSERT INTO account (account_id,account_region,client_id,booking_region,booking_country) VALUES (7230336,'EMEA',4066917,'APAC','AD');
INSERT INTO account (account_id,account_region,client_id,booking_region,booking_country) VALUES (4953317,'EMEA',3934057,'AM','LK');
INSERT INTO account (account_id,account_region,client_id,booking_region,booking_country) VALUES (6239794,'EMEA',8771251,'EMEA','CH');
INSERT INTO account (account_id,account_region,client_id,booking_region,booking_country) VALUES (4633127,'EMEA',8822674,'EMEA','EE');
INSERT INTO account (account_id,account_region,client_id,booking_region,booking_country) VALUES (7004220,'APAC',9091454,'AM','BI');
INSERT INTO account (account_id,account_region,client_id,booking_region,booking_country) VALUES (4113594,'AM',5163545,'AM','SZ');
INSERT INTO account (account_id,account_region,client_id,booking_region,booking_country) VALUES (6121181,'EMEA',7369686,'APAC','CF');
INSERT INTO account (account_id,account_region,client_id,booking_region,booking_country) VALUES (5875153,'APAC',8822674,'AM','KZ');
INSERT INTO account (account_id,account_region,client_id,booking_region,booking_country) VALUES (1330997,'APAC',7943471,'APAC','CH');
INSERT INTO account (account_id,account_region,client_id,booking_region,booking_country) VALUES (1637836,'AM',7845996,'AM','KM');
INSERT INTO account (account_id,account_region,client_id,booking_region,booking_country) VALUES (7013942,'AM',9353134,'AM','HR');
INSERT INTO account (account_id,account_region,client_id,booking_region,booking_country) VALUES (5144630,'EMEA',8568669,'EMEA','HU');
INSERT INTO account (account_id,account_region,client_id,booking_region,booking_country) VALUES (5215941,'APAC',2439220,'AM','UG');
INSERT INTO account (account_id,account_region,client_id,booking_region,booking_country) VALUES (6777443,'EMEA',7924434,'EMEA','CR');
INSERT INTO account (account_id,account_region,client_id,booking_region,booking_country) VALUES (1401920,'APAC',3904896,'AM','LU');
INSERT INTO account (account_id,account_region,client_id,booking_region,booking_country) VALUES (1007466,'AM',7402789,'APAC','ER');
INSERT INTO account (account_id,account_region,client_id,booking_region,booking_country) VALUES (6915093,'AM',4226207,'APAC','MA');
INSERT INTO account (account_id,account_region,client_id,booking_region,booking_country) VALUES (5992312,'AM',8771251,'EMEA','TT');
INSERT INTO account (account_id,account_region,client_id,booking_region,booking_country) VALUES (4024794,'APAC',6012446,'APAC','KG');
INSERT INTO account (account_id,account_region,client_id,booking_region,booking_country) VALUES (3592209,'APAC',7284450,'APAC','SB');
INSERT INTO account (account_id,account_region,client_id,booking_region,booking_country) VALUES (8441097,'AM',5233183,'APAC','LS');
INSERT INTO account (account_id,account_region,client_id,booking_region,booking_country) VALUES (9795414,'AM',8568669,'APAC','GT');
INSERT INTO account (account_id,account_region,client_id,booking_region,booking_country) VALUES (5378630,'EMEA',8597970,'EMEA','PT');
INSERT INTO account (account_id,account_region,client_id,booking_region,booking_country) VALUES (4645120,'APAC',7284450,'AM','PA');
INSERT INTO account (account_id,account_region,client_id,booking_region,booking_country) VALUES (1938255,'APAC',1038616,'AM','GW');
INSERT INTO account (account_id,account_region,client_id,booking_region,booking_country) VALUES (6995455,'EMEA',7943471,'AM','LI');
INSERT INTO account (account_id,account_region,client_id,booking_region,booking_country) VALUES (5323677,'EMEA',7014424,'EMEA','LS');
INSERT INTO account (account_id,account_region,client_id,booking_region,booking_country) VALUES (5853334,'EMEA',4216534,'APAC','IR');
INSERT INTO account (account_id,account_region,client_id,booking_region,booking_country) VALUES (8555075,'EMEA',9091454,'EMEA','GM');
INSERT INTO account (account_id,account_region,client_id,booking_region,booking_country) VALUES (3424606,'EMEA',2965961,'EMEA','TH');
INSERT INTO account (account_id,account_region,client_id,booking_region,booking_country) VALUES (5940388,'APAC',1889650,'APAC','MG');
INSERT INTO account (account_id,account_region,client_id,booking_region,booking_country) VALUES (9359155,'EMEA',8126156,'AM','ZA');
INSERT INTO account (account_id,account_region,client_id,booking_region,booking_country) VALUES (4873841,'EMEA',2922637,'AM','TD');
INSERT INTO account (account_id,account_region,client_id,booking_region,booking_country) VALUES (4086712,'AM',7542713,'APAC','TR');
INSERT INTO account (account_id,account_region,client_id,booking_region,booking_country) VALUES (4714021,'APAC',5163545,'EMEA','TJ');
INSERT INTO account (account_id,account_region,client_id,booking_region,booking_country) VALUES (1357876,'EMEA',7298735,'EMEA','MK');
INSERT INTO account (account_id,account_region,client_id,booking_region,booking_country) VALUES (4556146,'APAC',9324385,'APAC','MX');
INSERT INTO account (account_id,account_region,client_id,booking_region,booking_country) VALUES (4180405,'AM',7467861,'AM','PY');
INSERT INTO account (account_id,account_region,client_id,booking_region,booking_country) VALUES (1501061,'AM',3337979,'APAC','CO');
INSERT INTO account (account_id,account_region,client_id,booking_region,booking_country) VALUES (8403393,'APAC',2870889,'AM','LR');
INSERT INTO account (account_id,account_region,client_id,booking_region,booking_country) VALUES (9766662,'AM',3753328,'APAC','VE');
INSERT INTO account (account_id,account_region,client_id,booking_region,booking_country) VALUES (4420590,'APAC',7943471,'EMEA','UY');
INSERT INTO account (account_id,account_region,client_id,booking_region,booking_country) VALUES (1737150,'AM',8736183,'AM','KP');
INSERT INTO account (account_id,account_region,client_id,booking_region,booking_country) VALUES (6342741,'APAC',7467861,'APAC','HT');
INSERT INTO account (account_id,account_region,client_id,booking_region,booking_country) VALUES (8206071,'AM',8858364,'EMEA','OM');
INSERT INTO account (account_id,account_region,client_id,booking_region,booking_country) VALUES (6740677,'EMEA',7014424,'EMEA','RS');
INSERT INTO account (account_id,account_region,client_id,booking_region,booking_country) VALUES (2385778,'APAC',7402789,'AM','MY');
INSERT INTO account (account_id,account_region,client_id,booking_region,booking_country) VALUES (6950815,'AM',9224367,'AM','MM');
INSERT INTO account (account_id,account_region,client_id,booking_region,booking_country) VALUES (7291551,'EMEA',4683562,'AM','CI');
INSERT INTO account (account_id,account_region,client_id,booking_region,booking_country) VALUES (9623430,'EMEA',7181409,'APAC','CM');
INSERT INTO account (account_id,account_region,client_id,booking_region,booking_country) VALUES (5865153,'APAC',3904896,'EMEA','RU');
INSERT INTO account (account_id,account_region,client_id,booking_region,booking_country) VALUES (5485407,'APAC',5456466,'APAC','BJ');
INSERT INTO account (account_id,account_region,client_id,booking_region,booking_country) VALUES (6738204,'APAC',2580886,'APAC','GA');
INSERT INTO account (account_id,account_region,client_id,booking_region,booking_country) VALUES (6884510,'EMEA',2510428,'EMEA','PA');
INSERT INTO account (account_id,account_region,client_id,booking_region,booking_country) VALUES (4042270,'AM',9026746,'EMEA','BF');
INSERT INTO account (account_id,account_region,client_id,booking_region,booking_country) VALUES (6211928,'EMEA',4226207,'EMEA','RO');
INSERT INTO account (account_id,account_region,client_id,booking_region,booking_country) VALUES (9468670,'AM',8822674,'APAC','LR');
INSERT INTO account (account_id,account_region,client_id,booking_region,booking_country) VALUES (6465366,'EMEA',4302822,'APAC','IQ');
INSERT INTO account (account_id,account_region,client_id,booking_region,booking_country) VALUES (1934255,'AM',7943471,'AM','CN');
INSERT INTO account (account_id,account_region,client_id,booking_region,booking_country) VALUES (2843841,'EMEA',3904896,'AM','MM');
INSERT INTO account (account_id,account_region,client_id,booking_region,booking_country) VALUES (8673882,'AM',5917951,'AM','CN');
INSERT INTO account (account_id,account_region,client_id,booking_region,booking_country) VALUES (2945960,'APAC',7380300,'EMEA','SC');
INSERT INTO account (account_id,account_region,client_id,booking_region,booking_country) VALUES (1423916,'AM',8061799,'APAC','DK');
INSERT INTO account (account_id,account_region,client_id,booking_region,booking_country) VALUES (1030730,'APAC',1038616,'EMEA','IS');
INSERT INTO account (account_id,account_region,client_id,booking_region,booking_country) VALUES (5371684,'APAC',2554571,'AM','CH');
INSERT INTO account (account_id,account_region,client_id,booking_region,booking_country) VALUES (1102540,'AM',1369383,'AM','PG');
INSERT INTO account (account_id,account_region,client_id,booking_region,booking_country) VALUES (3839160,'EMEA',4066917,'AM','MD');
INSERT INTO account (account_id,account_region,client_id,booking_region,booking_country) VALUES (5505964,'AM',7943471,'AM','CN');
INSERT INTO account (account_id,account_region,client_id,booking_region,booking_country) VALUES (7796523,'APAC',4066917,'APAC','LT');
INSERT INTO account (account_id,account_region,client_id,booking_region,booking_country) VALUES (3328029,'EMEA',9324385,'EMEA','MD');
INSERT INTO account (account_id,account_region,client_id,booking_region,booking_country) VALUES (2389212,'APAC',8061799,'AM','NR');
INSERT INTO account (account_id,account_region,client_id,booking_region,booking_country) VALUES (8963134,'AM',7467861,'APAC','ES');
INSERT INTO account (account_id,account_region,client_id,booking_region,booking_country) VALUES (8702344,'AM',2870889,'APAC','US');
INSERT INTO account (account_id,account_region,client_id,booking_region,booking_country) VALUES (8683839,'EMEA',2922637,'APAC','BI');
INSERT INTO account (account_id,account_region,client_id,booking_region,booking_country) VALUES (9425918,'AM',8008967,'EMEA','LS');
INSERT INTO account (account_id,account_region,client_id,booking_region,booking_country) VALUES (6730554,'APAC',5956801,'EMEA','ML');
INSERT INTO account (account_id,account_region,client_id,booking_region,booking_country) VALUES (3284039,'AM',7467861,'EMEA','NA');
INSERT INTO account (account_id,account_region,client_id,booking_region,booking_country) VALUES (5007645,'APAC',1091894,'AM','NG');
INSERT INTO account (account_id,account_region,client_id,booking_region,booking_country) VALUES (6011815,'AM',3753328,'AM','CI');
INSERT INTO account (account_id,account_region,client_id,booking_region,booking_country) VALUES (1657852,'APAC',5956801,'EMEA','MZ');
INSERT INTO account (account_id,account_region,client_id,booking_region,booking_country) VALUES (6228537,'APAC',2554571,'APAC','NG');
INSERT INTO account (account_id,account_region,client_id,booking_region,booking_country) VALUES (4916605,'AM',2510428,'APAC','KW');
INSERT INTO account (account_id,account_region,client_id,booking_region,booking_country) VALUES (5771983,'APAC',4216534,'AM','MA');
INSERT INTO account (account_id,account_region,client_id,booking_region,booking_country) VALUES (7550225,'EMEA',9316258,'EMEA','MV');
INSERT INTO account (account_id,account_region,client_id,booking_region,booking_country) VALUES (1093760,'EMEA',7181409,'APAC','MR');
INSERT INTO account (account_id,account_region,client_id,booking_region,booking_country) VALUES (8243934,'APAC',7380300,'EMEA','DO');
INSERT INTO account (account_id,account_region,client_id,booking_region,booking_country) VALUES (1635258,'AM',5233183,'EMEA','VC');
INSERT INTO account (account_id,account_region,client_id,booking_region,booking_country) VALUES (6676120,'EMEA',2580886,'EMEA','MA');
INSERT INTO account (account_id,account_region,client_id,booking_region,booking_country) VALUES (2859413,'APAC',5812731,'AM','TT');
INSERT INTO account (account_id,account_region,client_id,booking_region,booking_country) VALUES (5790349,'EMEA',1055275,'AM','LI');
INSERT INTO account (account_id,account_region,client_id,booking_region,booking_country) VALUES (8503306,'AM',5190382,'APAC','GH');
INSERT INTO account (account_id,account_region,client_id,booking_region,booking_country) VALUES (5897899,'EMEA',3753328,'EMEA','FI');
INSERT INTO account (account_id,account_region,client_id,booking_region,booking_country) VALUES (3865545,'AM',4226207,'APAC','BB');
INSERT INTO account (account_id,account_region,client_id,booking_region,booking_country) VALUES (7231671,'APAC',1169301,'APAC','MG');
INSERT INTO account (account_id,account_region,client_id,booking_region,booking_country) VALUES (6001176,'APAC',5163545,'EMEA','HR');
INSERT INTO account (account_id,account_region,client_id,booking_region,booking_country) VALUES (1352736,'EMEA',2685315,'AM','TG');
INSERT INTO account (account_id,account_region,client_id,booking_region,booking_country) VALUES (5564161,'AM',1055275,'APAC','FR');
INSERT INTO account (account_id,account_region,client_id,booking_region,booking_country) VALUES (6191035,'EMEA',3904896,'APAC','IL');
INSERT INTO account (account_id,account_region,client_id,booking_region,booking_country) VALUES (1027817,'EMEA',8771251,'AM','KN');
INSERT INTO account (account_id,account_region,client_id,booking_region,booking_country) VALUES (7532116,'APAC',1038616,'AM','NO');
INSERT INTO account (account_id,account_region,client_id,booking_region,booking_country) VALUES (6957998,'EMEA',5456466,'APAC','IN');
INSERT INTO account (account_id,account_region,client_id,booking_region,booking_country) VALUES (5887707,'EMEA',8568669,'EMEA','TN');
INSERT INTO account (account_id,account_region,client_id,booking_region,booking_country) VALUES (1594981,'AM',4302822,'AM','BJ');
INSERT INTO account (account_id,account_region,client_id,booking_region,booking_country) VALUES (2148995,'AM',1038616,'AM','BF');
INSERT INTO account (account_id,account_region,client_id,booking_region,booking_country) VALUES (9975936,'APAC',2664804,'APAC','SC');
INSERT INTO account (account_id,account_region,client_id,booking_region,booking_country) VALUES (6953387,'AM',2486261,'AM','CA');
INSERT INTO account (account_id,account_region,client_id,booking_region,booking_country) VALUES (9354634,'APAC',5456466,'EMEA','TL');
INSERT INTO account (account_id,account_region,client_id,booking_region,booking_country) VALUES (4490030,'AM',2951552,'APAC','CO');
INSERT INTO account (account_id,account_region,client_id,booking_region,booking_country) VALUES (5546379,'APAC',1055275,'AM','FJ');
INSERT INTO account (account_id,account_region,client_id,booking_region,booking_country) VALUES (7407375,'APAC',2965961,'APAC','IR');
INSERT INTO account (account_id,account_region,client_id,booking_region,booking_country) VALUES (9595875,'APAC',7014424,'EMEA','GR');
INSERT INTO account (account_id,account_region,client_id,booking_region,booking_country) VALUES (7320184,'APAC',8568669,'EMEA','VE');
INSERT INTO account (account_id,account_region,client_id,booking_region,booking_country) VALUES (2557143,'APAC',1369383,'APAC','NO');
INSERT INTO account (account_id,account_region,client_id,booking_region,booking_country) VALUES (5778180,'AM',7845996,'AM','KE');
INSERT INTO account (account_id,account_region,client_id,booking_region,booking_country) VALUES (1368941,'APAC',2965961,'APAC','NP');
INSERT INTO account (account_id,account_region,client_id,booking_region,booking_country) VALUES (9340942,'APAC',6886507,'AM','KI');
INSERT INTO account (account_id,account_region,client_id,booking_region,booking_country) VALUES (1582491,'AM',3950576,'AM','KN');
INSERT INTO account (account_id,account_region,client_id,booking_region,booking_country) VALUES (8103541,'AM',6012446,'APAC','BJ');
INSERT INTO account (account_id,account_region,client_id,booking_region,booking_country) VALUES (4783727,'EMEA',1038616,'AM','TH');
INSERT INTO account (account_id,account_region,client_id,booking_region,booking_country) VALUES (8141046,'APAC',7437546,'APAC','BI');
INSERT INTO account (account_id,account_region,client_id,booking_region,booking_country) VALUES (7825325,'APAC',2439220,'AM','JP');
INSERT INTO account (account_id,account_region,client_id,booking_region,booking_country) VALUES (2776343,'EMEA',7207779,'AM','LB');
INSERT INTO account (account_id,account_region,client_id,booking_region,booking_country) VALUES (2766663,'APAC',7642455,'AM','GA');
INSERT INTO account (account_id,account_region,client_id,booking_region,booking_country) VALUES (9784630,'APAC',9382184,'APAC','TT');
INSERT INTO account (account_id,account_region,client_id,booking_region,booking_country) VALUES (8684682,'APAC',3950576,'EMEA','AM');
INSERT INTO account (account_id,account_region,client_id,booking_region,booking_country) VALUES (5137889,'AM',7380300,'AM','US');
INSERT INTO account (account_id,account_region,client_id,booking_region,booking_country) VALUES (1442187,'AM',2554571,'APAC','JP');
INSERT INTO account (account_id,account_region,client_id,booking_region,booking_country) VALUES (3718542,'EMEA',2510428,'AM','LB');
INSERT INTO account (account_id,account_region,client_id,booking_region,booking_country) VALUES (5512304,'EMEA',9353134,'AM','SM');
INSERT INTO account (account_id,account_region,client_id,booking_region,booking_country) VALUES (2839542,'AM',1169301,'EMEA','TD');
INSERT INTO account (account_id,account_region,client_id,booking_region,booking_country) VALUES (5923053,'APAC',4302822,'EMEA','NZ');
INSERT INTO account (account_id,account_region,client_id,booking_region,booking_country) VALUES (6098706,'EMEA',3552259,'EMEA','DJ');
INSERT INTO account (account_id,account_region,client_id,booking_region,booking_country) VALUES (7910333,'AM',7467861,'EMEA','ML');
INSERT INTO account (account_id,account_region,client_id,booking_region,booking_country) VALUES (6783587,'APAC',9272951,'EMEA','MK');
INSERT INTO account (account_id,account_region,client_id,booking_region,booking_country) VALUES (2244429,'EMEA',7298735,'APAC','AR');
INSERT INTO account (account_id,account_region,client_id,booking_region,booking_country) VALUES (4577054,'EMEA',8771251,'AM','CO');
INSERT INTO account (account_id,account_region,client_id,booking_region,booking_country) VALUES (9659858,'EMEA',7284450,'EMEA','YE');
INSERT INTO account (account_id,account_region,client_id,booking_region,booking_country) VALUES (1385192,'APAC',1889650,'EMEA','SY');
INSERT INTO account (account_id,account_region,client_id,booking_region,booking_country) VALUES (2486099,'APAC',2951552,'EMEA','MC');
INSERT INTO account (account_id,account_region,client_id,booking_region,booking_country) VALUES (7624837,'AM',9316258,'EMEA','SO');
INSERT INTO account (account_id,account_region,client_id,booking_region,booking_country) VALUES (3230505,'AM',9272951,'APAC','CY');
INSERT INTO account (account_id,account_region,client_id,booking_region,booking_country) VALUES (2137069,'APAC',5821225,'APAC','BR');
INSERT INTO account (account_id,account_region,client_id,booking_region,booking_country) VALUES (2981470,'AM',9032761,'APAC','HR');
INSERT INTO account (account_id,account_region,client_id,booking_region,booking_country) VALUES (2640506,'APAC',2685315,'AM','ES');
INSERT INTO account (account_id,account_region,client_id,booking_region,booking_country) VALUES (7886916,'AM',5821225,'AM','BW');
INSERT INTO account (account_id,account_region,client_id,booking_region,booking_country) VALUES (2821905,'AM',7845996,'APAC','MA');
INSERT INTO account (account_id,account_region,client_id,booking_region,booking_country) VALUES (2995665,'EMEA',4226207,'APAC','MT');
INSERT INTO account (account_id,account_region,client_id,booking_region,booking_country) VALUES (4078024,'EMEA',5821225,'APAC','TL');
INSERT INTO account (account_id,account_region,client_id,booking_region,booking_country) VALUES (3957928,'AM',5163545,'EMEA','MU');
INSERT INTO account (account_id,account_region,client_id,booking_region,booking_country) VALUES (7036915,'AM',7181409,'APAC','VA');
INSERT INTO account (account_id,account_region,client_id,booking_region,booking_country) VALUES (3338904,'APAC',7380300,'APAC','MX');
INSERT INTO account (account_id,account_region,client_id,booking_region,booking_country) VALUES (7441914,'EMEA',4066917,'EMEA','BF');
INSERT INTO account (account_id,account_region,client_id,booking_region,booking_country) VALUES (7618471,'EMEA',7642455,'APAC','AM');
INSERT INTO account (account_id,account_region,client_id,booking_region,booking_country) VALUES (4325786,'AM',8117515,'APAC','UG');
INSERT INTO account (account_id,account_region,client_id,booking_region,booking_country) VALUES (7759900,'EMEA',5821225,'APAC','RU');
INSERT INTO account (account_id,account_region,client_id,booking_region,booking_country) VALUES (1593932,'AM',5079915,'AM','BO');
INSERT INTO account (account_id,account_region,client_id,booking_region,booking_country) VALUES (3996471,'APAC',4302822,'APAC','TV');
INSERT INTO account (account_id,account_region,client_id,booking_region,booking_country) VALUES (5987897,'APAC',7924434,'APAC','BE');
INSERT INTO account (account_id,account_region,client_id,booking_region,booking_country) VALUES (2904742,'APAC',1369383,'AM','MD');
INSERT INTO account (account_id,account_region,client_id,booking_region,booking_country) VALUES (7948879,'APAC',8858364,'EMEA','JP');
INSERT INTO account (account_id,account_region,client_id,booking_region,booking_country) VALUES (8890399,'AM',2580886,'EMEA','HN');
INSERT INTO account (account_id,account_region,client_id,booking_region,booking_country) VALUES (7287211,'EMEA',1369383,'APAC','KW');
INSERT INTO account (account_id,account_region,client_id,booking_region,booking_country) VALUES (1669706,'APAC',5812731,'APAC','KI');
INSERT INTO account (account_id,account_region,client_id,booking_region,booking_country) VALUES (4154674,'APAC',2143416,'EMEA','DE');
INSERT INTO account (account_id,account_region,client_id,booking_region,booking_country) VALUES (7396608,'AM',3753328,'AM','BZ');
INSERT INTO account (account_id,account_region,client_id,booking_region,booking_country) VALUES (8073049,'AM',2439220,'EMEA','KZ');
INSERT INTO account (account_id,account_region,client_id,booking_region,booking_country) VALUES (8276092,'APAC',1369383,'EMEA','BB');
INSERT INTO account (account_id,account_region,client_id,booking_region,booking_country) VALUES (8928425,'APAC',5812731,'APAC','BB');
//=========== cmart account_transaction ==========
DROP TABLE IF EXISTS account_transaction;
CREATE TABLE account_transaction (
	 account_1 INT NOT NULL
	,account_2 INT NOT NULL
	,amount DECIMAL(15,4) NOT NULL
	,transaction_date VARCHAR NOT NULL

);
INSERT INTO account_transaction (account_1,account_2,amount,transaction_date) VALUES (2034523,2945960,543.724397676713,'2021-01-17');
INSERT INTO account_transaction (account_1,account_2,amount,transaction_date) VALUES (1501061,2640506,903.9612021231146,'2021-07-03');
INSERT INTO account_transaction (account_1,account_2,amount,transaction_date) VALUES (1368941,6239794,554.8989505654612,'2021-06-03');
INSERT INTO account_transaction (account_1,account_2,amount,transaction_date) VALUES (4870964,1657852,401.7546129057098,'2024-04-01');
INSERT INTO account_transaction (account_1,account_2,amount,transaction_date) VALUES (5485407,7396608,68.57189675086106,'2020-09-13');
INSERT INTO account_transaction (account_1,account_2,amount,transaction_date) VALUES (5853334,7231671,81.94393494176767,'2024-01-07');
INSERT INTO account_transaction (account_1,account_2,amount,transaction_date) VALUES (9685008,6676120,442.4234395075699,'2023-09-02');
INSERT INTO account_transaction (account_1,account_2,amount,transaction_date) VALUES (5923053,9784630,76.94944650053014,'2022-01-21');
INSERT INTO account_transaction (account_1,account_2,amount,transaction_date) VALUES (8683839,7560002,672.5494970500381,'2024-01-06');
INSERT INTO account_transaction (account_1,account_2,amount,transaction_date) VALUES (2821905,5144630,393.54352048646024,'2020-10-18');
INSERT INTO account_transaction (account_1,account_2,amount,transaction_date) VALUES (4420590,9359155,983.9060238926469,'2021-01-07');
INSERT INTO account_transaction (account_1,account_2,amount,transaction_date) VALUES (4963886,1737150,258.99324868113536,'2022-04-20');
INSERT INTO account_transaction (account_1,account_2,amount,transaction_date) VALUES (4490030,7661538,208.96125701235857,'2021-01-14');
INSERT INTO account_transaction (account_1,account_2,amount,transaction_date) VALUES (4953317,8141046,735.0475266244503,'2021-06-23');
INSERT INTO account_transaction (account_1,account_2,amount,transaction_date) VALUES (8559128,4577054,658.4587695556472,'2020-03-24');
INSERT INTO account_transaction (account_1,account_2,amount,transaction_date) VALUES (5778180,3839160,676.6147240738686,'2023-01-23');
INSERT INTO account_transaction (account_1,account_2,amount,transaction_date) VALUES (6740677,8850754,461.08404475799006,'2021-09-18');
INSERT INTO account_transaction (account_1,account_2,amount,transaction_date) VALUES (8559128,2389212,414.3922641706942,'2020-12-25');
INSERT INTO account_transaction (account_1,account_2,amount,transaction_date) VALUES (6702362,5928025,744.6517556720464,'2023-08-18');
INSERT INTO account_transaction (account_1,account_2,amount,transaction_date) VALUES (7624837,7910333,308.9263569324964,'2020-02-14');
INSERT INTO account_transaction (account_1,account_2,amount,transaction_date) VALUES (7885135,8441097,97.62039924060129,'2023-02-04');
INSERT INTO account_transaction (account_1,account_2,amount,transaction_date) VALUES (5786867,5987897,25.26957877001179,'2022-02-13');
INSERT INTO account_transaction (account_1,account_2,amount,transaction_date) VALUES (8441097,6239794,598.8338153344442,'2021-07-10');
INSERT INTO account_transaction (account_1,account_2,amount,transaction_date) VALUES (9627122,1401920,719.5194318821372,'2022-09-21');
INSERT INTO account_transaction (account_1,account_2,amount,transaction_date) VALUES (1442187,7320184,182.6713583381223,'2021-04-09');
INSERT INTO account_transaction (account_1,account_2,amount,transaction_date) VALUES (6342741,1593932,989.3906807943367,'2024-09-21');
INSERT INTO account_transaction (account_1,account_2,amount,transaction_date) VALUES (8559128,2269254,797.1061723395338,'2022-11-15');
INSERT INTO account_transaction (account_1,account_2,amount,transaction_date) VALUES (4420590,5887707,458.961007988964,'2024-01-11');
INSERT INTO account_transaction (account_1,account_2,amount,transaction_date) VALUES (1401920,2981470,633.294754729598,'2024-09-05');
INSERT INTO account_transaction (account_1,account_2,amount,transaction_date) VALUES (8702344,2148995,961.4339687629349,'2023-03-11');
INSERT INTO account_transaction (account_1,account_2,amount,transaction_date) VALUES (3957928,6298967,342.0208742575356,'2020-05-23');
INSERT INTO account_transaction (account_1,account_2,amount,transaction_date) VALUES (2251613,8441097,8.517877803786877,'2021-11-25');
INSERT INTO account_transaction (account_1,account_2,amount,transaction_date) VALUES (5940388,2385778,703.0276362606077,'2021-09-28');
INSERT INTO account_transaction (account_1,account_2,amount,transaction_date) VALUES (7036915,1368941,406.3028405690652,'2023-01-21');
INSERT INTO account_transaction (account_1,account_2,amount,transaction_date) VALUES (9397616,6959693,990.4449687370645,'2023-07-15');
INSERT INTO account_transaction (account_1,account_2,amount,transaction_date) VALUES (1634902,5551780,186.52547901064676,'2022-05-01');
INSERT INTO account_transaction (account_1,account_2,amount,transaction_date) VALUES (3424606,2557143,241.42018822955848,'2020-07-12');
INSERT INTO account_transaction (account_1,account_2,amount,transaction_date) VALUES (7532116,5144630,828.1691771886565,'2022-08-24');
INSERT INTO account_transaction (account_1,account_2,amount,transaction_date) VALUES (3957928,7230336,830.0765851826084,'2021-01-23');
INSERT INTO account_transaction (account_1,account_2,amount,transaction_date) VALUES (7004220,5546379,940.6139390691687,'2020-04-02');
INSERT INTO account_transaction (account_1,account_2,amount,transaction_date) VALUES (4963886,2385778,454.2056453052236,'2023-05-06');
INSERT INTO account_transaction (account_1,account_2,amount,transaction_date) VALUES (2269254,2821905,13.16188625061432,'2024-06-20');
INSERT INTO account_transaction (account_1,account_2,amount,transaction_date) VALUES (5323677,3424606,632.4208847183884,'2020-04-12');
INSERT INTO account_transaction (account_1,account_2,amount,transaction_date) VALUES (6777443,7624837,55.73121435790329,'2024-09-27');
INSERT INTO account_transaction (account_1,account_2,amount,transaction_date) VALUES (6953387,1501061,696.3506363244178,'2024-01-17');
INSERT INTO account_transaction (account_1,account_2,amount,transaction_date) VALUES (1093760,5089149,562.7206250508256,'2024-05-19');
INSERT INTO account_transaction (account_1,account_2,amount,transaction_date) VALUES (8555075,2251613,670.6656772874574,'2022-08-10');
INSERT INTO account_transaction (account_1,account_2,amount,transaction_date) VALUES (2385778,4953317,331.28297238437386,'2023-01-12');
INSERT INTO account_transaction (account_1,account_2,amount,transaction_date) VALUES (7291551,2524283,338.884212132444,'2023-11-27');
INSERT INTO account_transaction (account_1,account_2,amount,transaction_date) VALUES (7621658,7230336,178.45764347944626,'2023-08-07');
INSERT INTO account_transaction (account_1,account_2,amount,transaction_date) VALUES (8683839,2766663,479.6037178689998,'2022-09-20');
INSERT INTO account_transaction (account_1,account_2,amount,transaction_date) VALUES (3521366,3328029,303.0834405723616,'2024-03-20');
INSERT INTO account_transaction (account_1,account_2,amount,transaction_date) VALUES (5786867,7004220,360.09351158501914,'2022-10-08');
INSERT INTO account_transaction (account_1,account_2,amount,transaction_date) VALUES (4420590,3514471,669.9634659283679,'2021-10-19');
INSERT INTO account_transaction (account_1,account_2,amount,transaction_date) VALUES (1230856,4577054,370.66133390133626,'2024-10-27');
INSERT INTO account_transaction (account_1,account_2,amount,transaction_date) VALUES (5853334,2557143,263.48134165420555,'2023-09-23');
INSERT INTO account_transaction (account_1,account_2,amount,transaction_date) VALUES (8441097,9946624,183.2391149952921,'2022-02-14');
INSERT INTO account_transaction (account_1,account_2,amount,transaction_date) VALUES (6953387,4042270,240.40835026113282,'2022-02-08');
INSERT INTO account_transaction (account_1,account_2,amount,transaction_date) VALUES (2148995,7459668,863.4084901823112,'2024-02-25');
INSERT INTO account_transaction (account_1,account_2,amount,transaction_date) VALUES (5164351,5928025,499.0280205356902,'2023-01-09');
INSERT INTO account_transaction (account_1,account_2,amount,transaction_date) VALUES (4113594,8555075,933.9229486810186,'2024-09-06');
INSERT INTO account_transaction (account_1,account_2,amount,transaction_date) VALUES (6777443,5164351,459.4448333490253,'2022-08-01');
INSERT INTO account_transaction (account_1,account_2,amount,transaction_date) VALUES (6239794,1102135,933.8712222837598,'2020-01-12');
INSERT INTO account_transaction (account_1,account_2,amount,transaction_date) VALUES (7532116,7230336,360.8129841316108,'2022-03-17');
INSERT INTO account_transaction (account_1,account_2,amount,transaction_date) VALUES (1230856,9354634,440.85797082289866,'2022-05-27');
INSERT INTO account_transaction (account_1,account_2,amount,transaction_date) VALUES (1102135,6738204,464.11781828451126,'2023-09-19');
INSERT INTO account_transaction (account_1,account_2,amount,transaction_date) VALUES (8928425,1634902,667.784857822062,'2020-04-16');
INSERT INTO account_transaction (account_1,account_2,amount,transaction_date) VALUES (8503306,1089381,270.1069912062194,'2024-07-04');
INSERT INTO account_transaction (account_1,account_2,amount,transaction_date) VALUES (6228537,1030730,751.0728797882765,'2021-01-04');
INSERT INTO account_transaction (account_1,account_2,amount,transaction_date) VALUES (2625589,1594981,321.64779758244043,'2024-10-24');
INSERT INTO account_transaction (account_1,account_2,amount,transaction_date) VALUES (3193393,7426419,560.8256621832738,'2024-11-02');
INSERT INTO account_transaction (account_1,account_2,amount,transaction_date) VALUES (3865545,3338904,504.6676332964509,'2024-11-11');
INSERT INTO account_transaction (account_1,account_2,amount,transaction_date) VALUES (1027817,1635258,221.11235857347222,'2021-05-08');
INSERT INTO account_transaction (account_1,account_2,amount,transaction_date) VALUES (4042270,8555075,192.31339951141612,'2020-07-01');
INSERT INTO account_transaction (account_1,account_2,amount,transaction_date) VALUES (1102540,7923518,895.1598421953505,'2022-01-08');
INSERT INTO account_transaction (account_1,account_2,amount,transaction_date) VALUES (8890399,9946624,188.09343763920415,'2021-01-03');
INSERT INTO account_transaction (account_1,account_2,amount,transaction_date) VALUES (8890399,5853334,992.1579199463769,'2023-11-18');
INSERT INTO account_transaction (account_1,account_2,amount,transaction_date) VALUES (5350365,6099693,628.834985937658,'2024-10-02');
INSERT INTO account_transaction (account_1,account_2,amount,transaction_date) VALUES (2034523,5865153,480.2247070427862,'2020-12-01');
INSERT INTO account_transaction (account_1,account_2,amount,transaction_date) VALUES (6098706,2766663,702.15774714272,'2020-06-15');
INSERT INTO account_transaction (account_1,account_2,amount,transaction_date) VALUES (5987897,8673882,157.86897801669775,'2022-01-01');
INSERT INTO account_transaction (account_1,account_2,amount,transaction_date) VALUES (9397616,2010042,161.86267278596878,'2022-05-29');
INSERT INTO account_transaction (account_1,account_2,amount,transaction_date) VALUES (7287211,8503306,653.6030529620665,'2021-07-18');
INSERT INTO account_transaction (account_1,account_2,amount,transaction_date) VALUES (8777435,6001176,208.3704465530457,'2024-04-20');
INSERT INTO account_transaction (account_1,account_2,amount,transaction_date) VALUES (5987897,3014033,886.7563526365601,'2023-08-30');
INSERT INTO account_transaction (account_1,account_2,amount,transaction_date) VALUES (4873841,7459668,96.99127753907632,'2020-10-17');
INSERT INTO account_transaction (account_1,account_2,amount,transaction_date) VALUES (9659858,9397217,823.1530348193979,'2022-11-23');
INSERT INTO account_transaction (account_1,account_2,amount,transaction_date) VALUES (7337811,7013942,252.90744237461027,'2021-02-26');
INSERT INTO account_transaction (account_1,account_2,amount,transaction_date) VALUES (8738532,1934255,798.9133975826234,'2022-04-08');
INSERT INTO account_transaction (account_1,account_2,amount,transaction_date) VALUES (1442187,8928425,403.45305487722004,'2020-01-04');
INSERT INTO account_transaction (account_1,account_2,amount,transaction_date) VALUES (9359155,6702362,912.8036299153326,'2020-08-05');
INSERT INTO account_transaction (account_1,account_2,amount,transaction_date) VALUES (2766663,5940388,602.1640427212938,'2022-03-24');
INSERT INTO account_transaction (account_1,account_2,amount,transaction_date) VALUES (3514471,6915093,372.1294744915192,'2021-08-25');
INSERT INTO account_transaction (account_1,account_2,amount,transaction_date) VALUES (8963134,7948879,722.683451894342,'2020-02-25');
INSERT INTO account_transaction (account_1,account_2,amount,transaction_date) VALUES (7013942,5928025,506.1125675032967,'2022-12-14');
INSERT INTO account_transaction (account_1,account_2,amount,transaction_date) VALUES (3521366,4024794,673.6358196055553,'2021-01-23');
INSERT INTO account_transaction (account_1,account_2,amount,transaction_date) VALUES (1657852,6740677,361.22028596688205,'2020-06-02');
INSERT INTO account_transaction (account_1,account_2,amount,transaction_date) VALUES (2859413,8890399,457.45985760952425,'2021-03-06');
INSERT INTO account_transaction (account_1,account_2,amount,transaction_date) VALUES (2389212,6298967,690.9774410975851,'2023-01-07');
INSERT INTO account_transaction (account_1,account_2,amount,transaction_date) VALUES (3338904,8103541,212.74303214068325,'2020-08-20');
INSERT INTO account_transaction (account_1,account_2,amount,transaction_date) VALUES (5875153,7532116,501.8166365400588,'2024-10-16');
INSERT INTO account_transaction (account_1,account_2,amount,transaction_date) VALUES (8441097,9468670,498.31583961455374,'2024-05-02');
INSERT INTO account_transaction (account_1,account_2,amount,transaction_date) VALUES (5089149,5923053,294.8781241578324,'2022-01-15');
INSERT INTO account_transaction (account_1,account_2,amount,transaction_date) VALUES (7621658,7337811,139.95585406884615,'2021-07-30');
INSERT INTO account_transaction (account_1,account_2,amount,transaction_date) VALUES (7958821,7661538,724.8624430279677,'2024-05-13');
INSERT INTO account_transaction (account_1,account_2,amount,transaction_date) VALUES (8890399,6950815,865.2465015051716,'2022-06-26');
INSERT INTO account_transaction (account_1,account_2,amount,transaction_date) VALUES (2640506,1385192,7.964721262888719,'2022-01-17');
INSERT INTO account_transaction (account_1,account_2,amount,transaction_date) VALUES (8559128,6001176,13.396720517067195,'2023-08-06');
INSERT INTO account_transaction (account_1,account_2,amount,transaction_date) VALUES (8850754,9340942,801.5862962196325,'2022-12-01');
INSERT INTO account_transaction (account_1,account_2,amount,transaction_date) VALUES (4714021,5512304,664.8804021372371,'2020-03-21');
INSERT INTO account_transaction (account_1,account_2,amount,transaction_date) VALUES (7337811,7923518,660.4395535418407,'2022-11-30');
INSERT INTO account_transaction (account_1,account_2,amount,transaction_date) VALUES (5940388,5323677,102.71321913400122,'2022-02-18');
INSERT INTO account_transaction (account_1,account_2,amount,transaction_date) VALUES (4078024,7967024,450.3631713264362,'2022-08-19');
INSERT INTO account_transaction (account_1,account_2,amount,transaction_date) VALUES (7004220,7618471,603.5403619420908,'2023-11-14');
INSERT INTO account_transaction (account_1,account_2,amount,transaction_date) VALUES (8683839,6298967,443.2725215984564,'2021-12-25');
INSERT INTO account_transaction (account_1,account_2,amount,transaction_date) VALUES (2821905,8850754,365.40823845003933,'2020-09-09');
INSERT INTO account_transaction (account_1,account_2,amount,transaction_date) VALUES (1938255,4180405,518.0505622794481,'2021-05-25');
INSERT INTO account_transaction (account_1,account_2,amount,transaction_date) VALUES (2640506,7624837,186.21737324935418,'2024-06-13');
INSERT INTO account_transaction (account_1,account_2,amount,transaction_date) VALUES (7910333,5865153,494.74965394639156,'2021-01-02');
INSERT INTO account_transaction (account_1,account_2,amount,transaction_date) VALUES (3338904,9489909,635.5850676785542,'2021-06-19');
INSERT INTO account_transaction (account_1,account_2,amount,transaction_date) VALUES (7291551,4024794,451.50710213460655,'2023-11-23');
INSERT INTO account_transaction (account_1,account_2,amount,transaction_date) VALUES (4939651,2432227,212.73000832527978,'2020-06-12');
INSERT INTO account_transaction (account_1,account_2,amount,transaction_date) VALUES (8403393,5378630,72.64181387649027,'2020-08-17');
INSERT INTO account_transaction (account_1,account_2,amount,transaction_date) VALUES (2945960,4113594,443.53142914789123,'2023-04-10');
INSERT INTO account_transaction (account_1,account_2,amount,transaction_date) VALUES (6995455,1501061,405.8289950524576,'2022-04-09');
INSERT INTO account_transaction (account_1,account_2,amount,transaction_date) VALUES (2843841,3230505,942.9794737285102,'2021-11-17');
INSERT INTO account_transaction (account_1,account_2,amount,transaction_date) VALUES (3839160,2981470,109.06757124653576,'2024-04-23');
INSERT INTO account_transaction (account_1,account_2,amount,transaction_date) VALUES (7426419,5378630,958.4724700131848,'2023-08-02');
INSERT INTO account_transaction (account_1,account_2,amount,transaction_date) VALUES (7661538,5897899,714.6833335549546,'2023-09-23');
INSERT INTO account_transaction (account_1,account_2,amount,transaction_date) VALUES (7550225,9468670,810.3421063929229,'2023-01-09');
INSERT INTO account_transaction (account_1,account_2,amount,transaction_date) VALUES (5940388,4325786,350.971319687511,'2022-07-02');
INSERT INTO account_transaction (account_1,account_2,amount,transaction_date) VALUES (7287211,3284039,942.366122608938,'2020-07-11');
INSERT INTO account_transaction (account_1,account_2,amount,transaction_date) VALUES (3014033,3014033,426.19277355519716,'2022-10-15');
INSERT INTO account_transaction (account_1,account_2,amount,transaction_date) VALUES (4645120,6228537,50.843059317039476,'2021-04-25');
INSERT INTO account_transaction (account_1,account_2,amount,transaction_date) VALUES (1594981,8702344,193.72840525742708,'2022-04-05');
INSERT INTO account_transaction (account_1,account_2,amount,transaction_date) VALUES (1401920,7910333,766.185978483215,'2022-04-30');
INSERT INTO account_transaction (account_1,account_2,amount,transaction_date) VALUES (3839160,7717418,381.8730856755016,'2022-05-10');
INSERT INTO account_transaction (account_1,account_2,amount,transaction_date) VALUES (7717418,9766662,186.79761259149564,'2022-03-05');
INSERT INTO account_transaction (account_1,account_2,amount,transaction_date) VALUES (2251613,7967024,18.102113690029675,'2020-03-15');
INSERT INTO account_transaction (account_1,account_2,amount,transaction_date) VALUES (6783587,9766662,11.818838647003505,'2024-08-13');
INSERT INTO account_transaction (account_1,account_2,amount,transaction_date) VALUES (2776343,5875153,899.6561815691389,'2022-11-24');
INSERT INTO account_transaction (account_1,account_2,amount,transaction_date) VALUES (1657852,1385192,330.53285984233685,'2020-08-28');
INSERT INTO account_transaction (account_1,account_2,amount,transaction_date) VALUES (4180405,4490030,169.16713065721478,'2023-04-30');
INSERT INTO account_transaction (account_1,account_2,amount,transaction_date) VALUES (4024794,4420590,229.12113866127783,'2024-09-04');
INSERT INTO account_transaction (account_1,account_2,amount,transaction_date) VALUES (6342741,1637836,578.9176342476173,'2021-10-25');
INSERT INTO account_transaction (account_1,account_2,amount,transaction_date) VALUES (3338904,7796523,650.7953913925351,'2024-01-18');
INSERT INTO account_transaction (account_1,account_2,amount,transaction_date) VALUES (6738204,8141046,753.8175167089773,'2021-04-05');
INSERT INTO account_transaction (account_1,account_2,amount,transaction_date) VALUES (6783587,8963134,260.48348873624803,'2022-04-03');
INSERT INTO account_transaction (account_1,account_2,amount,transaction_date) VALUES (8963134,9354634,546.1824772374805,'2021-01-10');
INSERT INTO account_transaction (account_1,account_2,amount,transaction_date) VALUES (3165588,6165485,962.9336408310483,'2020-07-11');
INSERT INTO account_transaction (account_1,account_2,amount,transaction_date) VALUES (6465366,7661538,277.8310219235022,'2022-08-03');
INSERT INTO account_transaction (account_1,account_2,amount,transaction_date) VALUES (7618471,1634902,141.66711424302358,'2021-10-18');
INSERT INTO account_transaction (account_1,account_2,amount,transaction_date) VALUES (9627122,4633127,502.85395390064633,'2022-07-31');
INSERT INTO account_transaction (account_1,account_2,amount,transaction_date) VALUES (1593932,6915093,237.77846677975856,'2020-10-29');
INSERT INTO account_transaction (account_1,account_2,amount,transaction_date) VALUES (9397616,4154674,739.8252379496753,'2022-09-27');
INSERT INTO account_transaction (account_1,account_2,amount,transaction_date) VALUES (5323677,8684682,780.8219064853346,'2022-04-17');
INSERT INTO account_transaction (account_1,account_2,amount,transaction_date) VALUES (3521366,6783587,964.8002919168197,'2022-12-31');
INSERT INTO account_transaction (account_1,account_2,amount,transaction_date) VALUES (6959693,2034523,878.2510955078907,'2020-12-01');
INSERT INTO account_transaction (account_1,account_2,amount,transaction_date) VALUES (7550225,7624837,509.82482730111775,'2021-07-17');
INSERT INTO account_transaction (account_1,account_2,amount,transaction_date) VALUES (1401920,7459668,564.3082787146307,'2020-08-14');
INSERT INTO account_transaction (account_1,account_2,amount,transaction_date) VALUES (8673882,5512304,791.4158574152831,'2023-01-19');
INSERT INTO account_transaction (account_1,account_2,amount,transaction_date) VALUES (6730554,9623430,102.67923182450889,'2020-11-26');
INSERT INTO account_transaction (account_1,account_2,amount,transaction_date) VALUES (8243934,6777443,506.188113541025,'2020-09-03');
INSERT INTO account_transaction (account_1,account_2,amount,transaction_date) VALUES (6121181,8890399,585.7529490184194,'2023-11-25');
INSERT INTO account_transaction (account_1,account_2,amount,transaction_date) VALUES (9468670,2087770,374.39644953097786,'2020-11-08');
INSERT INTO account_transaction (account_1,account_2,amount,transaction_date) VALUES (4577054,5378630,18.085390338341334,'2020-11-30');
INSERT INTO account_transaction (account_1,account_2,amount,transaction_date) VALUES (2385778,5546379,913.422248101031,'2020-05-10');
INSERT INTO account_transaction (account_1,account_2,amount,transaction_date) VALUES (7230336,3592209,828.7592530576345,'2022-11-10');
INSERT INTO account_transaction (account_1,account_2,amount,transaction_date) VALUES (5551780,3230505,981.553178718971,'2020-02-09');
INSERT INTO account_transaction (account_1,account_2,amount,transaction_date) VALUES (8850754,5551780,874.2640582420494,'2023-12-11');
INSERT INTO account_transaction (account_1,account_2,amount,transaction_date) VALUES (7320184,4154674,956.8007783025179,'2020-04-20');
INSERT INTO account_transaction (account_1,account_2,amount,transaction_date) VALUES (3328029,7036915,742.6427198369181,'2024-08-03');
INSERT INTO account_transaction (account_1,account_2,amount,transaction_date) VALUES (3338904,4963886,170.272328529534,'2023-10-12');
INSERT INTO account_transaction (account_1,account_2,amount,transaction_date) VALUES (1330997,6915093,194.6191291435897,'2022-12-27');
INSERT INTO account_transaction (account_1,account_2,amount,transaction_date) VALUES (6305062,5875153,234.21115614772913,'2021-02-24');
INSERT INTO account_transaction (account_1,account_2,amount,transaction_date) VALUES (6099693,5485407,915.3259901757549,'2022-05-17');
INSERT INTO account_transaction (account_1,account_2,amount,transaction_date) VALUES (5371684,2637999,631.0602863998961,'2023-08-25');
INSERT INTO account_transaction (account_1,account_2,amount,transaction_date) VALUES (7796523,4325786,306.45725529835676,'2020-10-12');
INSERT INTO account_transaction (account_1,account_2,amount,transaction_date) VALUES (8073049,8073049,732.5500161958292,'2022-02-23');
INSERT INTO account_transaction (account_1,account_2,amount,transaction_date) VALUES (8403393,7396608,984.6934994872221,'2024-01-14');
INSERT INTO account_transaction (account_1,account_2,amount,transaction_date) VALUES (4325786,8673882,832.8651801853626,'2021-02-27');
INSERT INTO account_transaction (account_1,account_2,amount,transaction_date) VALUES (8441097,2904742,237.48404351779183,'2020-09-26');
INSERT INTO account_transaction (account_1,account_2,amount,transaction_date) VALUES (1907798,6823620,14.980559736668786,'2022-08-01');
INSERT INTO account_transaction (account_1,account_2,amount,transaction_date) VALUES (5215941,3424606,342.8109397027949,'2023-10-12');
INSERT INTO account_transaction (account_1,account_2,amount,transaction_date) VALUES (9946624,4325786,469.1190258890643,'2021-08-02');
INSERT INTO account_transaction (account_1,account_2,amount,transaction_date) VALUES (4062345,8890399,233.18168631433068,'2020-04-10');
INSERT INTO account_transaction (account_1,account_2,amount,transaction_date) VALUES (2385778,1669706,128.2670043790587,'2024-09-27');
INSERT INTO account_transaction (account_1,account_2,amount,transaction_date) VALUES (2981470,6740677,447.27643920877745,'2021-10-17');
INSERT INTO account_transaction (account_1,account_2,amount,transaction_date) VALUES (7320184,8702344,703.5687636111563,'2024-01-18');
INSERT INTO account_transaction (account_1,account_2,amount,transaction_date) VALUES (4490030,2269254,152.95265124418302,'2021-10-01');
INSERT INTO account_transaction (account_1,account_2,amount,transaction_date) VALUES (6884510,5304869,444.728255471771,'2024-04-05');
INSERT INTO account_transaction (account_1,account_2,amount,transaction_date) VALUES (8403393,6305062,770.4434559323196,'2023-04-03');
INSERT INTO account_transaction (account_1,account_2,amount,transaction_date) VALUES (7948686,6028942,156.13058097217026,'2023-10-11');
INSERT INTO account_transaction (account_1,account_2,amount,transaction_date) VALUES (2625589,7717418,34.58180594442795,'2020-06-26');
INSERT INTO account_transaction (account_1,account_2,amount,transaction_date) VALUES (4577054,1934255,642.5432891731654,'2021-07-29');
INSERT INTO account_transaction (account_1,account_2,amount,transaction_date) VALUES (1593932,6098706,740.8659896963976,'2023-07-26');
INSERT INTO account_transaction (account_1,account_2,amount,transaction_date) VALUES (8963134,1737150,886.1515923414827,'2022-07-14');
INSERT INTO account_transaction (account_1,account_2,amount,transaction_date) VALUES (6305062,2432227,240.20623872975244,'2020-12-15');
INSERT INTO account_transaction (account_1,account_2,amount,transaction_date) VALUES (5323677,4783727,252.50306486684403,'2021-09-14');
INSERT INTO account_transaction (account_1,account_2,amount,transaction_date) VALUES (4870964,2034523,196.46624174069515,'2022-02-11');
INSERT INTO account_transaction (account_1,account_2,amount,transaction_date) VALUES (5551780,7013942,693.4334527845099,'2020-09-11');
INSERT INTO account_transaction (account_1,account_2,amount,transaction_date) VALUES (5215941,7036915,743.1220583686888,'2020-12-17');
INSERT INTO account_transaction (account_1,account_2,amount,transaction_date) VALUES (7886916,5164351,168.08222210778533,'2020-08-29');
INSERT INTO account_transaction (account_1,account_2,amount,transaction_date) VALUES (8684682,7287211,375.2912214913815,'2024-01-04');
INSERT INTO account_transaction (account_1,account_2,amount,transaction_date) VALUES (9975936,5304869,424.808518086631,'2022-06-24');
INSERT INTO account_transaction (account_1,account_2,amount,transaction_date) VALUES (6121181,1442187,159.20793196377326,'2023-02-06');
INSERT INTO account_transaction (account_1,account_2,amount,transaction_date) VALUES (5865153,4674292,752.3136169334632,'2020-02-28');
INSERT INTO account_transaction (account_1,account_2,amount,transaction_date) VALUES (9359155,9975936,615.208827574651,'2023-12-11');
INSERT INTO account_transaction (account_1,account_2,amount,transaction_date) VALUES (1669706,4420590,443.4611374846068,'2021-06-06');
INSERT INTO account_transaction (account_1,account_2,amount,transaction_date) VALUES (3328029,5853334,93.82250361927291,'2021-01-22');
INSERT INTO account_transaction (account_1,account_2,amount,transaction_date) VALUES (5786867,5215941,525.9130077948859,'2023-05-14');
INSERT INTO account_transaction (account_1,account_2,amount,transaction_date) VALUES (4113594,1102540,502.0211066208655,'2021-11-12');
INSERT INTO account_transaction (account_1,account_2,amount,transaction_date) VALUES (5771983,6001176,18.794577503775113,'2023-02-09');
INSERT INTO account_transaction (account_1,account_2,amount,transaction_date) VALUES (1423916,2843841,963.6688907804958,'2023-01-29');
INSERT INTO account_transaction (account_1,account_2,amount,transaction_date) VALUES (8963134,8243934,722.4461523700636,'2023-06-16');
INSERT INTO account_transaction (account_1,account_2,amount,transaction_date) VALUES (6957998,9627122,384.405492690038,'2022-01-23');
INSERT INTO account_transaction (account_1,account_2,amount,transaction_date) VALUES (8738532,1102540,435.462843346457,'2021-05-21');
INSERT INTO account_transaction (account_1,account_2,amount,transaction_date) VALUES (7796523,3957928,383.31229914220734,'2024-10-11');
INSERT INTO account_transaction (account_1,account_2,amount,transaction_date) VALUES (4325786,3996471,845.9687427060248,'2020-11-17');
INSERT INTO account_transaction (account_1,account_2,amount,transaction_date) VALUES (4086712,1385192,20.9031009930426,'2020-08-29');
INSERT INTO account_transaction (account_1,account_2,amount,transaction_date) VALUES (1401920,6959693,863.9016457495857,'2023-02-03');
INSERT INTO account_transaction (account_1,account_2,amount,transaction_date) VALUES (7013942,5887707,795.7930467431544,'2022-06-21');
INSERT INTO account_transaction (account_1,account_2,amount,transaction_date) VALUES (9623430,4714021,362.30100653005326,'2021-02-21');
INSERT INTO account_transaction (account_1,account_2,amount,transaction_date) VALUES (1030730,1401920,576.1889675156899,'2024-02-02');
INSERT INTO account_transaction (account_1,account_2,amount,transaction_date) VALUES (1093760,1593932,926.8307926926077,'2022-08-24');
INSERT INTO account_transaction (account_1,account_2,amount,transaction_date) VALUES (1938255,9874183,161.78522301315812,'2022-07-14');
INSERT INTO account_transaction (account_1,account_2,amount,transaction_date) VALUES (7004220,7796523,937.9394430288272,'2023-01-12');
INSERT INTO account_transaction (account_1,account_2,amount,transaction_date) VALUES (5790349,3504126,185.93485015275547,'2020-04-27');
INSERT INTO account_transaction (account_1,account_2,amount,transaction_date) VALUES (2843841,7291551,627.426154410719,'2024-06-30');
INSERT INTO account_transaction (account_1,account_2,amount,transaction_date) VALUES (3865545,8890399,672.9195118550477,'2023-04-18');
INSERT INTO account_transaction (account_1,account_2,amount,transaction_date) VALUES (7948686,1102135,297.47311082934016,'2021-05-27');
INSERT INTO account_transaction (account_1,account_2,amount,transaction_date) VALUES (5987897,7796523,641.265675299393,'2022-05-20');
INSERT INTO account_transaction (account_1,account_2,amount,transaction_date) VALUES (4873841,7004220,659.5573255866802,'2023-10-11');
INSERT INTO account_transaction (account_1,account_2,amount,transaction_date) VALUES (6028266,1242658,270.03466608745174,'2022-09-29');
INSERT INTO account_transaction (account_1,account_2,amount,transaction_date) VALUES (1401920,6100967,752.2584743597781,'2022-06-18');
INSERT INTO account_transaction (account_1,account_2,amount,transaction_date) VALUES (6740677,6298967,289.0534136184507,'2020-01-20');
INSERT INTO account_transaction (account_1,account_2,amount,transaction_date) VALUES (1368941,7759900,490.0679755767607,'2020-01-22');
INSERT INTO account_transaction (account_1,account_2,amount,transaction_date) VALUES (1501061,2486099,581.2510591445907,'2022-04-30');
INSERT INTO account_transaction (account_1,account_2,amount,transaction_date) VALUES (3424606,3504126,674.61259495915,'2022-01-24');
INSERT INTO account_transaction (account_1,account_2,amount,transaction_date) VALUES (6702362,7618471,668.0921996371949,'2021-07-08');
INSERT INTO account_transaction (account_1,account_2,amount,transaction_date) VALUES (8777435,7337811,889.8009799935203,'2020-07-31');
INSERT INTO account_transaction (account_1,account_2,amount,transaction_date) VALUES (3424606,5551780,656.7793681412184,'2024-01-30');
INSERT INTO account_transaction (account_1,account_2,amount,transaction_date) VALUES (5144630,1442187,541.1985972243604,'2023-09-07');
INSERT INTO account_transaction (account_1,account_2,amount,transaction_date) VALUES (7956253,3316010,172.4917825010589,'2024-05-25');
INSERT INTO account_transaction (account_1,account_2,amount,transaction_date) VALUES (9425918,3839160,841.7623319298937,'2022-01-13');
INSERT INTO account_transaction (account_1,account_2,amount,transaction_date) VALUES (3165588,1737150,799.4401851936523,'2022-04-23');
INSERT INTO account_transaction (account_1,account_2,amount,transaction_date) VALUES (5865153,8777435,259.8217312461436,'2021-04-15');
INSERT INTO account_transaction (account_1,account_2,amount,transaction_date) VALUES (8673882,2995665,221.5786454312888,'2020-01-11');
INSERT INTO account_transaction (account_1,account_2,amount,transaction_date) VALUES (1737150,2432227,188.614232338574,'2022-04-25');
INSERT INTO account_transaction (account_1,account_2,amount,transaction_date) VALUES (6298967,6995455,796.279204398951,'2021-03-23');
INSERT INTO account_transaction (account_1,account_2,amount,transaction_date) VALUES (7013942,5468491,756.6685541921007,'2021-06-22');
INSERT INTO account_transaction (account_1,account_2,amount,transaction_date) VALUES (6011815,9946624,451.5037171578319,'2022-05-15');
INSERT INTO account_transaction (account_1,account_2,amount,transaction_date) VALUES (5887707,8684682,370.6249004827304,'2021-06-27');
INSERT INTO account_transaction (account_1,account_2,amount,transaction_date) VALUES (1442187,4042270,117.01220127493572,'2022-01-09');
INSERT INTO account_transaction (account_1,account_2,amount,transaction_date) VALUES (5144630,2557143,569.9757068889445,'2023-06-03');
INSERT INTO account_transaction (account_1,account_2,amount,transaction_date) VALUES (8503306,2637999,542.3184089051588,'2021-07-20');
INSERT INTO account_transaction (account_1,account_2,amount,transaction_date) VALUES (7459668,6730554,729.1299357779974,'2020-01-28');
INSERT INTO account_transaction (account_1,account_2,amount,transaction_date) VALUES (5987897,4953317,741.056583298944,'2024-02-19');
INSERT INTO account_transaction (account_1,account_2,amount,transaction_date) VALUES (4873841,6995455,437.0406771744926,'2021-12-15');
INSERT INTO account_transaction (account_1,account_2,amount,transaction_date) VALUES (1593932,7910333,820.7759045799122,'2021-02-08');
INSERT INTO account_transaction (account_1,account_2,amount,transaction_date) VALUES (2385778,6305062,292.89075775859675,'2021-11-25');
INSERT INTO account_transaction (account_1,account_2,amount,transaction_date) VALUES (6028266,8503306,80.84593829330899,'2020-12-03');
INSERT INTO account_transaction (account_1,account_2,amount,transaction_date) VALUES (3957928,9397217,290.84664830853444,'2022-02-18');
INSERT INTO account_transaction (account_1,account_2,amount,transaction_date) VALUES (9623430,8403393,820.6473860609152,'2021-05-06');
INSERT INTO account_transaction (account_1,account_2,amount,transaction_date) VALUES (5144630,1543284,700.4172647437758,'2024-09-21');
INSERT INTO account_transaction (account_1,account_2,amount,transaction_date) VALUES (2557143,8141046,848.227020496588,'2022-02-08');
INSERT INTO account_transaction (account_1,account_2,amount,transaction_date) VALUES (3514471,4794524,762.2859739099094,'2022-05-25');
INSERT INTO account_transaction (account_1,account_2,amount,transaction_date) VALUES (5928025,2034523,291.72392816975633,'2022-07-28');
INSERT INTO account_transaction (account_1,account_2,amount,transaction_date) VALUES (8673882,6617570,171.7406218970996,'2022-11-03');
INSERT INTO account_transaction (account_1,account_2,amount,transaction_date) VALUES (6001176,6298967,312.29886891554725,'2024-07-18');
INSERT INTO account_transaction (account_1,account_2,amount,transaction_date) VALUES (3957928,2640506,220.08945308569906,'2020-10-06');
INSERT INTO account_transaction (account_1,account_2,amount,transaction_date) VALUES (8555075,9975936,738.1991339960739,'2024-04-10');
INSERT INTO account_transaction (account_1,account_2,amount,transaction_date) VALUES (5987897,4870964,955.5821277427867,'2021-06-11');
INSERT INTO account_transaction (account_1,account_2,amount,transaction_date) VALUES (7948879,9359155,586.161907263553,'2023-01-09');
INSERT INTO account_transaction (account_1,account_2,amount,transaction_date) VALUES (1093760,1102135,22.032404690590756,'2020-05-21');
INSERT INTO account_transaction (account_1,account_2,amount,transaction_date) VALUES (5831328,8441097,53.77734338604845,'2023-04-16');
INSERT INTO account_transaction (account_1,account_2,amount,transaction_date) VALUES (8683839,3514471,727.8751382542929,'2022-02-03');
INSERT INTO account_transaction (account_1,account_2,amount,transaction_date) VALUES (1357876,7886916,630.1010783637688,'2023-09-04');
INSERT INTO account_transaction (account_1,account_2,amount,transaction_date) VALUES (2821905,3424606,929.4218705827091,'2021-03-18');
INSERT INTO account_transaction (account_1,account_2,amount,transaction_date) VALUES (6011815,1401920,187.257008568261,'2024-08-09');
INSERT INTO account_transaction (account_1,account_2,amount,transaction_date) VALUES (5371684,5853334,158.76318547291345,'2022-09-13');
INSERT INTO account_transaction (account_1,account_2,amount,transaction_date) VALUES (9425918,8441097,607.6992230529357,'2023-06-17');
INSERT INTO account_transaction (account_1,account_2,amount,transaction_date) VALUES (7885135,6228537,672.4297257418978,'2023-02-27');
INSERT INTO account_transaction (account_1,account_2,amount,transaction_date) VALUES (6953387,7621658,784.0309539855693,'2022-12-29');
INSERT INTO account_transaction (account_1,account_2,amount,transaction_date) VALUES (8141046,4154674,406.92482445869115,'2021-01-26');
INSERT INTO account_transaction (account_1,account_2,amount,transaction_date) VALUES (5378630,6165485,880.546373006673,'2022-03-17');
INSERT INTO account_transaction (account_1,account_2,amount,transaction_date) VALUES (1637836,1582491,547.4820438529408,'2020-09-05');
INSERT INTO account_transaction (account_1,account_2,amount,transaction_date) VALUES (9468670,2981470,722.8188992555963,'2024-09-05');
INSERT INTO account_transaction (account_1,account_2,amount,transaction_date) VALUES (7948879,8103541,153.0113105863161,'2023-01-04');
INSERT INTO account_transaction (account_1,account_2,amount,transaction_date) VALUES (5164351,1093760,835.6539903278662,'2024-02-13');
INSERT INTO account_transaction (account_1,account_2,amount,transaction_date) VALUES (5378630,4420590,999.4914175871728,'2020-02-05');
INSERT INTO account_transaction (account_1,account_2,amount,transaction_date) VALUES (6100967,1737150,417.0451409183944,'2021-11-29');
INSERT INTO account_transaction (account_1,account_2,amount,transaction_date) VALUES (6959693,1634902,293.76229788127483,'2021-12-28');
INSERT INTO account_transaction (account_1,account_2,amount,transaction_date) VALUES (1543284,2557143,993.5118611814656,'2021-03-05');
INSERT INTO account_transaction (account_1,account_2,amount,transaction_date) VALUES (2637999,4783727,351.70277534184135,'2020-10-21');
INSERT INTO account_transaction (account_1,account_2,amount,transaction_date) VALUES (1007466,5089149,42.523224063859665,'2022-04-23');
INSERT INTO account_transaction (account_1,account_2,amount,transaction_date) VALUES (5786867,4180405,153.68649781862987,'2021-09-30');
INSERT INTO account_transaction (account_1,account_2,amount,transaction_date) VALUES (3217407,4042270,140.8933798416163,'2021-04-09');
INSERT INTO account_transaction (account_1,account_2,amount,transaction_date) VALUES (2389212,5468491,166.83973058777323,'2020-05-31');
INSERT INTO account_transaction (account_1,account_2,amount,transaction_date) VALUES (4714021,5213083,406.1798005018623,'2022-09-12');
INSERT INTO account_transaction (account_1,account_2,amount,transaction_date) VALUES (4180405,8141046,938.1730424608992,'2021-10-10');
INSERT INTO account_transaction (account_1,account_2,amount,transaction_date) VALUES (8890399,9659858,154.82812366459808,'2021-01-14');
INSERT INTO account_transaction (account_1,account_2,amount,transaction_date) VALUES (9627122,5771983,305.0879883379356,'2022-06-30');
INSERT INTO account_transaction (account_1,account_2,amount,transaction_date) VALUES (1030730,8441097,91.13951961383992,'2020-09-08');
INSERT INTO account_transaction (account_1,account_2,amount,transaction_date) VALUES (7013942,6028266,173.73848263484038,'2020-01-10');
INSERT INTO account_transaction (account_1,account_2,amount,transaction_date) VALUES (5137889,6211928,797.6260192730679,'2023-04-03');
INSERT INTO account_transaction (account_1,account_2,amount,transaction_date) VALUES (5865153,3014033,740.2410821672171,'2024-03-09');
INSERT INTO account_transaction (account_1,account_2,amount,transaction_date) VALUES (3193393,9359155,52.157174287396856,'2022-12-02');
INSERT INTO account_transaction (account_1,account_2,amount,transaction_date) VALUES (9766662,6028942,185.98182697311705,'2023-06-14');
INSERT INTO account_transaction (account_1,account_2,amount,transaction_date) VALUES (5323677,7948686,483.3222768229875,'2023-09-07');
INSERT INTO account_transaction (account_1,account_2,amount,transaction_date) VALUES (5350365,8702344,323.1065004405661,'2023-05-25');
INSERT INTO account_transaction (account_1,account_2,amount,transaction_date) VALUES (7337811,7948686,811.4458688527092,'2022-02-07');
INSERT INTO account_transaction (account_1,account_2,amount,transaction_date) VALUES (2995665,1007466,700.6346502876563,'2022-12-23');
INSERT INTO account_transaction (account_1,account_2,amount,transaction_date) VALUES (2524283,6783587,144.7865445627189,'2023-06-23');
INSERT INTO account_transaction (account_1,account_2,amount,transaction_date) VALUES (1907798,9623430,434.82351211672545,'2024-10-23');
INSERT INTO account_transaction (account_1,account_2,amount,transaction_date) VALUES (4939651,6950815,359.3274588233147,'2021-12-09');
INSERT INTO account_transaction (account_1,account_2,amount,transaction_date) VALUES (4154674,6702362,804.8930695788395,'2020-12-02');
INSERT INTO account_transaction (account_1,account_2,amount,transaction_date) VALUES (9340942,6676120,543.675921010576,'2021-12-29');
INSERT INTO account_transaction (account_1,account_2,amount,transaction_date) VALUES (8403393,8738532,25.745142096287754,'2023-05-27');
INSERT INTO account_transaction (account_1,account_2,amount,transaction_date) VALUES (1230856,4714021,978.7560899945137,'2020-08-05');
INSERT INTO account_transaction (account_1,account_2,amount,transaction_date) VALUES (1907798,4490030,908.8404467665737,'2023-07-02');
INSERT INTO account_transaction (account_1,account_2,amount,transaction_date) VALUES (5923053,7560002,490.7694931924158,'2020-08-20');
INSERT INTO account_transaction (account_1,account_2,amount,transaction_date) VALUES (1634902,7885135,42.82481892699164,'2022-12-28');
INSERT INTO account_transaction (account_1,account_2,amount,transaction_date) VALUES (8206071,2859413,69.16284984008969,'2024-07-26');
INSERT INTO account_transaction (account_1,account_2,amount,transaction_date) VALUES (4490030,2637999,204.2203983425781,'2022-12-26');
INSERT INTO account_transaction (account_1,account_2,amount,transaction_date) VALUES (3014033,4113594,381.34421791047214,'2024-04-21');
INSERT INTO account_transaction (account_1,account_2,amount,transaction_date) VALUES (7886916,6959693,504.7994575199586,'2020-07-04');
INSERT INTO account_transaction (account_1,account_2,amount,transaction_date) VALUES (8555075,6298967,754.113072212245,'2024-10-05');
INSERT INTO account_transaction (account_1,account_2,amount,transaction_date) VALUES (1102135,6915093,573.5622094540432,'2023-04-01');
INSERT INTO account_transaction (account_1,account_2,amount,transaction_date) VALUES (4939651,4963886,449.9141734083674,'2022-02-16');
INSERT INTO account_transaction (account_1,account_2,amount,transaction_date) VALUES (3996471,6740677,27.517616684505697,'2020-09-11');
INSERT INTO account_transaction (account_1,account_2,amount,transaction_date) VALUES (7948879,7886916,745.7008527927634,'2023-09-06');
INSERT INTO account_transaction (account_1,account_2,amount,transaction_date) VALUES (7958821,5468491,316.1028687805316,'2021-07-07');
INSERT INTO account_transaction (account_1,account_2,amount,transaction_date) VALUES (7796523,2951583,181.8564355284642,'2023-11-14');
INSERT INTO account_transaction (account_1,account_2,amount,transaction_date) VALUES (7550225,1737150,529.8171324608102,'2022-09-26');
INSERT INTO account_transaction (account_1,account_2,amount,transaction_date) VALUES (6191035,2625589,295.72580578223096,'2023-12-20');
INSERT INTO account_transaction (account_1,account_2,amount,transaction_date) VALUES (6740677,6098706,389.0659816484383,'2024-04-01');
INSERT INTO account_transaction (account_1,account_2,amount,transaction_date) VALUES (7825325,7532116,230.96676708458398,'2020-12-20');
INSERT INTO account_transaction (account_1,account_2,amount,transaction_date) VALUES (7459668,6953387,517.0060972707706,'2023-11-20');
INSERT INTO account_transaction (account_1,account_2,amount,transaction_date) VALUES (6099693,6957998,703.9332747080933,'2023-09-17');
INSERT INTO account_transaction (account_1,account_2,amount,transaction_date) VALUES (3193393,6676120,63.99014818850202,'2023-01-29');
INSERT INTO account_transaction (account_1,account_2,amount,transaction_date) VALUES (7923518,1242658,188.4934858821291,'2021-01-27');
INSERT INTO account_transaction (account_1,account_2,amount,transaction_date) VALUES (4577054,7004220,852.5733659445962,'2021-01-27');
INSERT INTO account_transaction (account_1,account_2,amount,transaction_date) VALUES (2981470,8073049,949.0628325472607,'2020-01-04');
INSERT INTO account_transaction (account_1,account_2,amount,transaction_date) VALUES (3284039,8559128,491.92529351652405,'2023-02-06');
INSERT INTO account_transaction (account_1,account_2,amount,transaction_date) VALUES (3165588,5564161,21.800176939122508,'2020-07-23');
INSERT INTO account_transaction (account_1,account_2,amount,transaction_date) VALUES (1230856,4873841,574.7454043045502,'2022-06-11');
INSERT INTO account_transaction (account_1,account_2,amount,transaction_date) VALUES (3338904,1330997,98.91669991499641,'2020-08-09');
INSERT INTO account_transaction (account_1,account_2,amount,transaction_date) VALUES (9766662,9099147,656.3281847405987,'2021-09-21');
INSERT INTO account_transaction (account_1,account_2,amount,transaction_date) VALUES (6098706,8928425,71.78723428374845,'2022-07-29');
INSERT INTO account_transaction (account_1,account_2,amount,transaction_date) VALUES (4078024,8777435,316.9776301938284,'2022-02-14');
INSERT INTO account_transaction (account_1,account_2,amount,transaction_date) VALUES (3230505,6740677,99.1191724809305,'2024-08-20');
INSERT INTO account_transaction (account_1,account_2,amount,transaction_date) VALUES (5007645,4086712,468.40324351787876,'2024-09-18');
INSERT INTO account_transaction (account_1,account_2,amount,transaction_date) VALUES (5865153,7396608,832.9054205662832,'2024-07-02');
INSERT INTO account_transaction (account_1,account_2,amount,transaction_date) VALUES (5887707,2981470,895.8339066842261,'2021-07-13');
INSERT INTO account_transaction (account_1,account_2,amount,transaction_date) VALUES (8683839,8683839,603.379940069117,'2023-11-29');
INSERT INTO account_transaction (account_1,account_2,amount,transaction_date) VALUES (3165588,3504126,356.3895756025307,'2023-12-21');
INSERT INTO account_transaction (account_1,account_2,amount,transaction_date) VALUES (9685008,5215941,246.1809121519154,'2022-01-16');
INSERT INTO account_transaction (account_1,account_2,amount,transaction_date) VALUES (4577054,6099693,158.93030925404327,'2023-01-03');
INSERT INTO account_transaction (account_1,account_2,amount,transaction_date) VALUES (1330997,6342741,49.57061030206433,'2021-11-24');
INSERT INTO account_transaction (account_1,account_2,amount,transaction_date) VALUES (1102135,4062345,478.6391051184286,'2024-09-20');
INSERT INTO account_transaction (account_1,account_2,amount,transaction_date) VALUES (7717418,7886916,883.0712193092714,'2022-11-08');
INSERT INTO account_transaction (account_1,account_2,amount,transaction_date) VALUES (4674292,7967024,137.50404554438146,'2022-04-20');
INSERT INTO account_transaction (account_1,account_2,amount,transaction_date) VALUES (7320184,5831328,769.7036125955617,'2022-09-07');
INSERT INTO account_transaction (account_1,account_2,amount,transaction_date) VALUES (6100967,7560002,415.361959374139,'2020-10-14');
INSERT INTO account_transaction (account_1,account_2,amount,transaction_date) VALUES (2981470,5928025,537.7980470816051,'2024-10-10');
INSERT INTO account_transaction (account_1,account_2,amount,transaction_date) VALUES (4939651,1669706,80.127927900011,'2020-09-19');
INSERT INTO account_transaction (account_1,account_2,amount,transaction_date) VALUES (6777443,5790349,535.7741684470523,'2022-04-17');
INSERT INTO account_transaction (account_1,account_2,amount,transaction_date) VALUES (5213083,7550225,559.4878156494925,'2023-08-29');
INSERT INTO account_transaction (account_1,account_2,amount,transaction_date) VALUES (9659858,2034523,938.8414095802265,'2023-10-19');
INSERT INTO account_transaction (account_1,account_2,amount,transaction_date) VALUES (9397217,6950815,558.5669282303206,'2024-04-07');
INSERT INTO account_transaction (account_1,account_2,amount,transaction_date) VALUES (6098706,7967024,205.82351086504391,'2021-08-25');
INSERT INTO account_transaction (account_1,account_2,amount,transaction_date) VALUES (8777435,9784630,293.49090384594825,'2020-10-26');
INSERT INTO account_transaction (account_1,account_2,amount,transaction_date) VALUES (4180405,7796523,878.3380838540185,'2023-03-13');
INSERT INTO account_transaction (account_1,account_2,amount,transaction_date) VALUES (2432227,6191035,259.4858190633219,'2020-02-09');
INSERT INTO account_transaction (account_1,account_2,amount,transaction_date) VALUES (7337811,9766662,28.746148427230555,'2024-04-11');
INSERT INTO account_transaction (account_1,account_2,amount,transaction_date) VALUES (6121181,5323677,934.798468255769,'2020-04-18');
INSERT INTO account_transaction (account_1,account_2,amount,transaction_date) VALUES (8073049,3338904,585.3912334711039,'2024-09-07');
INSERT INTO account_transaction (account_1,account_2,amount,transaction_date) VALUES (2821905,5897899,990.9984284772962,'2024-05-20');
INSERT INTO account_transaction (account_1,account_2,amount,transaction_date) VALUES (5897899,5778180,838.1654205570965,'2022-05-22');
INSERT INTO account_transaction (account_1,account_2,amount,transaction_date) VALUES (9874183,5928025,903.3314461756253,'2023-04-21');
INSERT INTO account_transaction (account_1,account_2,amount,transaction_date) VALUES (3284039,8243934,546.4652795726472,'2024-11-01');
INSERT INTO account_transaction (account_1,account_2,amount,transaction_date) VALUES (3957928,5304869,134.01848790022663,'2024-04-29');
INSERT INTO account_transaction (account_1,account_2,amount,transaction_date) VALUES (5831328,5831328,527.8388085225373,'2021-12-21');
INSERT INTO account_transaction (account_1,account_2,amount,transaction_date) VALUES (5378630,4325786,807.1823777774252,'2021-04-19');
INSERT INTO account_transaction (account_1,account_2,amount,transaction_date) VALUES (6777443,6823620,900.0895978121525,'2024-05-23');
INSERT INTO account_transaction (account_1,account_2,amount,transaction_date) VALUES (2843841,8243934,0.6690871171158852,'2023-09-08');
INSERT INTO account_transaction (account_1,account_2,amount,transaction_date) VALUES (1357876,2945960,120.33216103700973,'2021-04-16');
INSERT INTO account_transaction (account_1,account_2,amount,transaction_date) VALUES (2995665,7661538,318.5080685048717,'2022-07-25');
INSERT INTO account_transaction (account_1,account_2,amount,transaction_date) VALUES (7948686,7618471,269.3736074305397,'2023-05-21');
INSERT INTO account_transaction (account_1,account_2,amount,transaction_date) VALUES (4086712,1385192,539.0863158808312,'2024-09-06');
INSERT INTO account_transaction (account_1,account_2,amount,transaction_date) VALUES (7287211,5987897,999.9222710841673,'2024-02-25');
INSERT INTO account_transaction (account_1,account_2,amount,transaction_date) VALUES (5790349,2776343,502.2729274427227,'2024-04-18');
INSERT INTO account_transaction (account_1,account_2,amount,transaction_date) VALUES (1093760,5304869,834.9033133856581,'2020-12-16');
INSERT INTO account_transaction (account_1,account_2,amount,transaction_date) VALUES (3521366,7948686,806.7414923857433,'2021-07-31');
INSERT INTO account_transaction (account_1,account_2,amount,transaction_date) VALUES (6950815,6098706,482.2736387048655,'2021-01-08');
INSERT INTO account_transaction (account_1,account_2,amount,transaction_date) VALUES (8141046,7958821,851.81943063977,'2020-03-07');
INSERT INTO account_transaction (account_1,account_2,amount,transaction_date) VALUES (1637836,4939651,446.10589055657323,'2020-08-26');
INSERT INTO account_transaction (account_1,account_2,amount,transaction_date) VALUES (5551780,9627122,985.8488865673908,'2023-10-29');
INSERT INTO account_transaction (account_1,account_2,amount,transaction_date) VALUES (2486099,2385778,326.9637954696518,'2024-08-21');
INSERT INTO account_transaction (account_1,account_2,amount,transaction_date) VALUES (7287211,2148995,734.40253321676,'2023-09-18');
INSERT INTO account_transaction (account_1,account_2,amount,transaction_date) VALUES (9595875,2625589,706.2082607926203,'2022-01-26');
INSERT INTO account_transaction (account_1,account_2,amount,transaction_date) VALUES (8928425,2486099,928.4909926036147,'2023-03-20');
INSERT INTO account_transaction (account_1,account_2,amount,transaction_date) VALUES (6823620,8673882,548.6432301233551,'2022-10-01');
INSERT INTO account_transaction (account_1,account_2,amount,transaction_date) VALUES (8555075,3865545,351.75542988247446,'2020-08-24');
INSERT INTO account_transaction (account_1,account_2,amount,transaction_date) VALUES (4963886,2904742,861.0155595152236,'2022-08-14');
INSERT INTO account_transaction (account_1,account_2,amount,transaction_date) VALUES (5468491,1501061,752.1042261745336,'2022-10-03');
INSERT INTO account_transaction (account_1,account_2,amount,transaction_date) VALUES (5923053,5992312,493.1248130656618,'2024-05-11');
INSERT INTO account_transaction (account_1,account_2,amount,transaction_date) VALUES (8555075,7624837,559.9009258600325,'2022-03-03');
INSERT INTO account_transaction (account_1,account_2,amount,transaction_date) VALUES (1102135,7825325,223.76803855644079,'2022-03-22');
INSERT INTO account_transaction (account_1,account_2,amount,transaction_date) VALUES (5771983,3520026,449.2674639166837,'2022-09-29');
INSERT INTO account_transaction (account_1,account_2,amount,transaction_date) VALUES (5323677,7231671,879.9827209576658,'2021-08-13');
INSERT INTO account_transaction (account_1,account_2,amount,transaction_date) VALUES (8673882,4674292,706.0691775881572,'2020-10-05');
INSERT INTO account_transaction (account_1,account_2,amount,transaction_date) VALUES (3217407,9397217,202.2706288068987,'2020-01-18');
INSERT INTO account_transaction (account_1,account_2,amount,transaction_date) VALUES (2557143,3520026,193.65518420016159,'2022-11-01');
INSERT INTO account_transaction (account_1,account_2,amount,transaction_date) VALUES (2981470,3014033,595.0810773096881,'2023-02-24');
INSERT INTO account_transaction (account_1,account_2,amount,transaction_date) VALUES (8559128,8441097,648.516398848678,'2020-03-22');
INSERT INTO account_transaction (account_1,account_2,amount,transaction_date) VALUES (4674292,2951583,908.8819504774748,'2021-08-07');
INSERT INTO account_transaction (account_1,account_2,amount,transaction_date) VALUES (1330997,5992312,617.4886500754304,'2021-09-10');
INSERT INTO account_transaction (account_1,account_2,amount,transaction_date) VALUES (9425918,4577054,670.5773271276321,'2021-12-17');
INSERT INTO account_transaction (account_1,account_2,amount,transaction_date) VALUES (4714021,6028942,455.3451933205738,'2022-10-03');
INSERT INTO account_transaction (account_1,account_2,amount,transaction_date) VALUES (4577054,5144630,829.4743423955803,'2020-09-01');
INSERT INTO account_transaction (account_1,account_2,amount,transaction_date) VALUES (2251613,2087770,934.6935677709236,'2024-05-24');
INSERT INTO account_transaction (account_1,account_2,amount,transaction_date) VALUES (5940388,6995455,205.5510228995695,'2023-07-10');
INSERT INTO account_transaction (account_1,account_2,amount,transaction_date) VALUES (3424606,2776343,655.7478025968701,'2021-05-11');
INSERT INTO account_transaction (account_1,account_2,amount,transaction_date) VALUES (7759900,6777443,135.44928038478966,'2023-08-01');
INSERT INTO account_transaction (account_1,account_2,amount,transaction_date) VALUES (5940388,9795414,696.6858929935574,'2023-01-31');
INSERT INTO account_transaction (account_1,account_2,amount,transaction_date) VALUES (8684682,8555075,501.37800599932905,'2020-03-30');
INSERT INTO account_transaction (account_1,account_2,amount,transaction_date) VALUES (1737150,6950815,96.24978076675539,'2020-09-30');
INSERT INTO account_transaction (account_1,account_2,amount,transaction_date) VALUES (6191035,7948879,33.3137372804162,'2021-06-22');
INSERT INTO account_transaction (account_1,account_2,amount,transaction_date) VALUES (7550225,2010042,78.60832737863399,'2021-11-16');
INSERT INTO account_transaction (account_1,account_2,amount,transaction_date) VALUES (2821905,6884510,323.8396805287669,'2024-11-07');
INSERT INTO account_transaction (account_1,account_2,amount,transaction_date) VALUES (6959693,6121181,390.429076371241,'2023-11-06');
INSERT INTO account_transaction (account_1,account_2,amount,transaction_date) VALUES (6740677,5371684,744.1250403682964,'2023-09-06');
INSERT INTO account_transaction (account_1,account_2,amount,transaction_date) VALUES (2524283,9659858,642.9165503927186,'2024-10-07');
INSERT INTO account_transaction (account_1,account_2,amount,transaction_date) VALUES (7618471,5987897,700.2389215893335,'2020-03-09');
INSERT INTO account_transaction (account_1,account_2,amount,transaction_date) VALUES (5378630,7661538,294.4335733442408,'2020-09-27');
INSERT INTO account_transaction (account_1,account_2,amount,transaction_date) VALUES (3592209,6228537,27.064794292109283,'2023-04-24');
INSERT INTO account_transaction (account_1,account_2,amount,transaction_date) VALUES (5378630,2432227,273.657510402597,'2023-10-03');
INSERT INTO account_transaction (account_1,account_2,amount,transaction_date) VALUES (1634902,7396608,565.5351990473512,'2022-12-01');
INSERT INTO account_transaction (account_1,account_2,amount,transaction_date) VALUES (3014033,7441914,481.7205893040856,'2023-02-10');
INSERT INTO account_transaction (account_1,account_2,amount,transaction_date) VALUES (6100967,3514471,581.7561798276141,'2024-01-28');
INSERT INTO account_transaction (account_1,account_2,amount,transaction_date) VALUES (1027817,2148995,311.86016431212084,'2020-11-14');
INSERT INTO account_transaction (account_1,account_2,amount,transaction_date) VALUES (5790349,5144630,402.8738276548756,'2021-07-23');
INSERT INTO account_transaction (account_1,account_2,amount,transaction_date) VALUES (6959693,7910333,687.4519971888278,'2023-05-11');
INSERT INTO account_transaction (account_1,account_2,amount,transaction_date) VALUES (4939651,7910333,153.41976008505688,'2023-03-14');
INSERT INTO account_transaction (account_1,account_2,amount,transaction_date) VALUES (9359155,4714021,237.6260603823983,'2023-08-13');
INSERT INTO account_transaction (account_1,account_2,amount,transaction_date) VALUES (8777435,4113594,581.8534554764341,'2021-12-14');
INSERT INTO account_transaction (account_1,account_2,amount,transaction_date) VALUES (3521366,7825325,535.4078119562458,'2022-08-23');
INSERT INTO account_transaction (account_1,account_2,amount,transaction_date) VALUES (4870964,1385192,189.3983629663144,'2022-07-08');
INSERT INTO account_transaction (account_1,account_2,amount,transaction_date) VALUES (7426419,7396608,602.457314118825,'2021-06-11');
INSERT INTO account_transaction (account_1,account_2,amount,transaction_date) VALUES (7948879,9468670,308.68448901865673,'2022-05-21');
INSERT INTO account_transaction (account_1,account_2,amount,transaction_date) VALUES (9489909,4870964,348.9468293481609,'2023-12-07');
INSERT INTO account_transaction (account_1,account_2,amount,transaction_date) VALUES (2625589,8850754,826.898108586711,'2020-11-22');
INSERT INTO account_transaction (account_1,account_2,amount,transaction_date) VALUES (7446439,6738204,41.71586608920419,'2021-12-28');
INSERT INTO account_transaction (account_1,account_2,amount,transaction_date) VALUES (3592209,9099147,284.10727172190786,'2020-10-30');
INSERT INTO account_transaction (account_1,account_2,amount,transaction_date) VALUES (4645120,3718542,824.1080804718688,'2024-03-19');
INSERT INTO account_transaction (account_1,account_2,amount,transaction_date) VALUES (1423916,6617570,782.4840166848081,'2022-05-01');
INSERT INTO account_transaction (account_1,account_2,amount,transaction_date) VALUES (4420590,4783727,107.2073123491769,'2021-11-17');
INSERT INTO account_transaction (account_1,account_2,amount,transaction_date) VALUES (7532116,7036915,64.84640216706528,'2021-09-23');
INSERT INTO account_transaction (account_1,account_2,amount,transaction_date) VALUES (9784630,3504126,265.55284278318834,'2024-02-03');
INSERT INTO account_transaction (account_1,account_2,amount,transaction_date) VALUES (1102540,2776343,856.7672932859208,'2022-06-22');
INSERT INTO account_transaction (account_1,account_2,amount,transaction_date) VALUES (6028266,9354634,426.106539824481,'2021-05-24');
INSERT INTO account_transaction (account_1,account_2,amount,transaction_date) VALUES (5865153,9627122,677.3963861478098,'2020-12-08');
INSERT INTO account_transaction (account_1,account_2,amount,transaction_date) VALUES (3193393,9425918,282.32970919594936,'2023-02-01');
INSERT INTO account_transaction (account_1,account_2,amount,transaction_date) VALUES (5164351,2625589,355.35717833651313,'2022-11-15');
INSERT INTO account_transaction (account_1,account_2,amount,transaction_date) VALUES (6740677,1938255,710.1319487054695,'2023-01-10');
INSERT INTO account_transaction (account_1,account_2,amount,transaction_date) VALUES (4870964,4024794,734.0688094064983,'2022-07-14');
INSERT INTO account_transaction (account_1,account_2,amount,transaction_date) VALUES (4953317,6228537,959.375885224283,'2021-11-01');
INSERT INTO account_transaction (account_1,account_2,amount,transaction_date) VALUES (6676120,8073049,392.0540728002436,'2022-02-09');
INSERT INTO account_transaction (account_1,account_2,amount,transaction_date) VALUES (4490030,6239794,229.40191766058837,'2022-10-22');
INSERT INTO account_transaction (account_1,account_2,amount,transaction_date) VALUES (3284039,2640506,291.93625891992536,'2023-05-06');
INSERT INTO account_transaction (account_1,account_2,amount,transaction_date) VALUES (1635258,6676120,629.9541773967483,'2023-03-04');
INSERT INTO account_transaction (account_1,account_2,amount,transaction_date) VALUES (1543284,7956253,651.9323510792774,'2024-08-19');
INSERT INTO account_transaction (account_1,account_2,amount,transaction_date) VALUES (7910333,5215941,218.88471797291464,'2021-11-21');
INSERT INTO account_transaction (account_1,account_2,amount,transaction_date) VALUES (5144630,7717418,889.1174837347645,'2022-04-11');
INSERT INTO account_transaction (account_1,account_2,amount,transaction_date) VALUES (8555075,6028942,667.099507474638,'2020-09-13');
INSERT INTO account_transaction (account_1,account_2,amount,transaction_date) VALUES (5887707,6028266,961.1605804647949,'2020-07-29');
INSERT INTO account_transaction (account_1,account_2,amount,transaction_date) VALUES (7560002,9099147,444.49679373259397,'2020-08-03');
INSERT INTO account_transaction (account_1,account_2,amount,transaction_date) VALUES (6959693,8963134,9.334764993566669,'2023-11-24');
INSERT INTO account_transaction (account_1,account_2,amount,transaction_date) VALUES (7426419,6191035,945.0015764842208,'2024-02-29');
INSERT INTO account_transaction (account_1,account_2,amount,transaction_date) VALUES (7396608,7885135,929.7648716084378,'2024-11-04');
INSERT INTO account_transaction (account_1,account_2,amount,transaction_date) VALUES (2625589,1907798,454.04064505516703,'2022-12-08');
INSERT INTO account_transaction (account_1,account_2,amount,transaction_date) VALUES (1423916,7560002,719.3632910335565,'2022-04-20');
INSERT INTO account_transaction (account_1,account_2,amount,transaction_date) VALUES (8738532,6702362,428.23127165068155,'2020-07-15');
INSERT INTO account_transaction (account_1,account_2,amount,transaction_date) VALUES (2087770,8103541,191.7542154117644,'2022-04-07');
INSERT INTO account_transaction (account_1,account_2,amount,transaction_date) VALUES (3865545,7550225,174.0211962657515,'2023-09-28');
INSERT INTO account_transaction (account_1,account_2,amount,transaction_date) VALUES (7446439,6676120,792.7733868279354,'2022-08-01');
INSERT INTO account_transaction (account_1,account_2,amount,transaction_date) VALUES (1657852,9354634,346.67573899917994,'2023-02-19');
INSERT INTO account_transaction (account_1,account_2,amount,transaction_date) VALUES (9685008,9685008,200.62176468287663,'2020-10-30');
INSERT INTO account_transaction (account_1,account_2,amount,transaction_date) VALUES (4674292,1102135,453.707737190194,'2023-10-06');
INSERT INTO account_transaction (account_1,account_2,amount,transaction_date) VALUES (9795414,2981470,435.77940801224344,'2024-08-23');
INSERT INTO account_transaction (account_1,account_2,amount,transaction_date) VALUES (6165485,4556146,653.3326377186052,'2021-09-15');
INSERT INTO account_transaction (account_1,account_2,amount,transaction_date) VALUES (5546379,1635258,813.2272669456275,'2024-02-18');
INSERT INTO account_transaction (account_1,account_2,amount,transaction_date) VALUES (8738532,8503306,431.2932811126302,'2021-04-12');
INSERT INTO account_transaction (account_1,account_2,amount,transaction_date) VALUES (7759900,5771983,641.4741882554437,'2020-05-09');
INSERT INTO account_transaction (account_1,account_2,amount,transaction_date) VALUES (4062345,3839160,385.3317647197522,'2021-08-31');
INSERT INTO account_transaction (account_1,account_2,amount,transaction_date) VALUES (5992312,4794524,15.198442381867627,'2022-10-16');
INSERT INTO account_transaction (account_1,account_2,amount,transaction_date) VALUES (1423916,2244429,926.2617464032871,'2023-04-07');
INSERT INTO account_transaction (account_1,account_2,amount,transaction_date) VALUES (8777435,5323677,794.3563649453058,'2020-05-31');
//=========== cmart ticker ==========
DROP TABLE IF EXISTS ticker;
CREATE TABLE ticker (
	 ticker_id INT NOT NULL
	,ticker VARCHAR NOT NULL
	,market_sector VARCHAR NOT NULL
	,market_region VARCHAR NOT NULL

);
INSERT INTO ticker (ticker_id,ticker,market_sector,market_region) VALUES (2761767,'TVTC','commodity','AM');
INSERT INTO ticker (ticker_id,ticker,market_sector,market_region) VALUES (8935313,'BJTA','otc','EMEA');
INSERT INTO ticker (ticker_id,ticker,market_sector,market_region) VALUES (5785268,'VGMK','spot','AM');
INSERT INTO ticker (ticker_id,ticker,market_sector,market_region) VALUES (3966589,'NHBQ','pe','AM');
INSERT INTO ticker (ticker_id,ticker,market_sector,market_region) VALUES (2447641,'YVPE','otc','APAC');
INSERT INTO ticker (ticker_id,ticker,market_sector,market_region) VALUES (2408160,'SMGP','otc','AM');
INSERT INTO ticker (ticker_id,ticker,market_sector,market_region) VALUES (6306939,'DCSL','bond','APAC');
INSERT INTO ticker (ticker_id,ticker,market_sector,market_region) VALUES (6507213,'FDUQ','bond','EMEA');
INSERT INTO ticker (ticker_id,ticker,market_sector,market_region) VALUES (7894658,'KBON','commodity','APAC');
INSERT INTO ticker (ticker_id,ticker,market_sector,market_region) VALUES (2943699,'ASGH','bond','EMEA');
INSERT INTO ticker (ticker_id,ticker,market_sector,market_region) VALUES (8203953,'OCDW','stock','AM');
INSERT INTO ticker (ticker_id,ticker,market_sector,market_region) VALUES (2185536,'UGPE','stock','EMEA');
INSERT INTO ticker (ticker_id,ticker,market_sector,market_region) VALUES (3249800,'UUFD','pe','APAC');
INSERT INTO ticker (ticker_id,ticker,market_sector,market_region) VALUES (7916396,'OWHZ','pe','APAC');
INSERT INTO ticker (ticker_id,ticker,market_sector,market_region) VALUES (6655063,'EXDD','spot','AM');
INSERT INTO ticker (ticker_id,ticker,market_sector,market_region) VALUES (5658043,'VNXW','pe','AM');
INSERT INTO ticker (ticker_id,ticker,market_sector,market_region) VALUES (3589986,'UWMD','derivatives','EMEA');
INSERT INTO ticker (ticker_id,ticker,market_sector,market_region) VALUES (3152034,'RJOT','derivatives','AM');
INSERT INTO ticker (ticker_id,ticker,market_sector,market_region) VALUES (3566783,'UYEF','commodity','EMEA');
INSERT INTO ticker (ticker_id,ticker,market_sector,market_region) VALUES (8545473,'AWWL','stock','EMEA');
INSERT INTO ticker (ticker_id,ticker,market_sector,market_region) VALUES (7523768,'JCQE','stock','EMEA');
INSERT INTO ticker (ticker_id,ticker,market_sector,market_region) VALUES (4204493,'LFXV','forex','APAC');
INSERT INTO ticker (ticker_id,ticker,market_sector,market_region) VALUES (9303735,'EXVA','otc','AM');
INSERT INTO ticker (ticker_id,ticker,market_sector,market_region) VALUES (9265920,'MEWG','spot','AM');
INSERT INTO ticker (ticker_id,ticker,market_sector,market_region) VALUES (4498930,'UTOB','derivatives','EMEA');
INSERT INTO ticker (ticker_id,ticker,market_sector,market_region) VALUES (1455208,'WPQE','pe','APAC');
INSERT INTO ticker (ticker_id,ticker,market_sector,market_region) VALUES (4693743,'ZHYK','bond','EMEA');
INSERT INTO ticker (ticker_id,ticker,market_sector,market_region) VALUES (9354787,'EXCE','bond','EMEA');
INSERT INTO ticker (ticker_id,ticker,market_sector,market_region) VALUES (9517466,'OKXM','pe','APAC');
INSERT INTO ticker (ticker_id,ticker,market_sector,market_region) VALUES (2106347,'GWLY','spot','EMEA');
INSERT INTO ticker (ticker_id,ticker,market_sector,market_region) VALUES (8909580,'ZABI','forex','AM');
INSERT INTO ticker (ticker_id,ticker,market_sector,market_region) VALUES (6673032,'LGQC','otc','EMEA');
INSERT INTO ticker (ticker_id,ticker,market_sector,market_region) VALUES (5865370,'YVVM','derivatives','AM');
INSERT INTO ticker (ticker_id,ticker,market_sector,market_region) VALUES (5977308,'OCXC','bond','EMEA');
INSERT INTO ticker (ticker_id,ticker,market_sector,market_region) VALUES (4108863,'HRFV','pe','APAC');
INSERT INTO ticker (ticker_id,ticker,market_sector,market_region) VALUES (4246994,'WJVW','otc','AM');
INSERT INTO ticker (ticker_id,ticker,market_sector,market_region) VALUES (4771018,'XFOJ','commodity','AM');
INSERT INTO ticker (ticker_id,ticker,market_sector,market_region) VALUES (5087717,'POSB','spot','EMEA');
INSERT INTO ticker (ticker_id,ticker,market_sector,market_region) VALUES (9839097,'DWOR','forex','EMEA');
INSERT INTO ticker (ticker_id,ticker,market_sector,market_region) VALUES (7660026,'ZTBV','spot','AM');
INSERT INTO ticker (ticker_id,ticker,market_sector,market_region) VALUES (8901028,'HLTG','forex','EMEA');
INSERT INTO ticker (ticker_id,ticker,market_sector,market_region) VALUES (5825745,'KEBS','pe','APAC');
INSERT INTO ticker (ticker_id,ticker,market_sector,market_region) VALUES (1809662,'MMEC','bond','AM');
INSERT INTO ticker (ticker_id,ticker,market_sector,market_region) VALUES (2779908,'YDTH','pe','EMEA');
INSERT INTO ticker (ticker_id,ticker,market_sector,market_region) VALUES (7557771,'COSI','derivatives','AM');
INSERT INTO ticker (ticker_id,ticker,market_sector,market_region) VALUES (9445382,'GWQH','bond','APAC');
INSERT INTO ticker (ticker_id,ticker,market_sector,market_region) VALUES (6822756,'TKMP','bond','EMEA');
INSERT INTO ticker (ticker_id,ticker,market_sector,market_region) VALUES (4394943,'XOET','forex','EMEA');
INSERT INTO ticker (ticker_id,ticker,market_sector,market_region) VALUES (5310716,'OBAS','derivatives','EMEA');
INSERT INTO ticker (ticker_id,ticker,market_sector,market_region) VALUES (7190757,'HUJT','pe','APAC');
//=========== cmart portfolio ==========
DROP TABLE IF EXISTS portfolio;
CREATE TABLE portfolio (
	 portfolio_id INT NOT NULL
	,client_id INT NOT NULL
	,portfolio_name VARCHAR NOT NULL

);
INSERT INTO portfolio (portfolio_id,client_id,portfolio_name) VALUES (5629290,5163545,'DHJJEDE');
INSERT INTO portfolio (portfolio_id,client_id,portfolio_name) VALUES (5326911,7642455,'GHFHCHF');
INSERT INTO portfolio (portfolio_id,client_id,portfolio_name) VALUES (1639851,7057834,'HHHHBCE');
INSERT INTO portfolio (portfolio_id,client_id,portfolio_name) VALUES (2333063,7207779,'HBBHHDE');
INSERT INTO portfolio (portfolio_id,client_id,portfolio_name) VALUES (6560875,9799923,'GHHCAFC');
INSERT INTO portfolio (portfolio_id,client_id,portfolio_name) VALUES (5911130,3904896,'AGBDJZJ');
INSERT INTO portfolio (portfolio_id,client_id,portfolio_name) VALUES (7031006,8061799,'JLJCSAJ');
INSERT INTO portfolio (portfolio_id,client_id,portfolio_name) VALUES (1254460,9316258,'ZCSHELH');
INSERT INTO portfolio (portfolio_id,client_id,portfolio_name) VALUES (9477572,7924434,'LHDJHCL');
INSERT INTO portfolio (portfolio_id,client_id,portfolio_name) VALUES (5971152,7402789,'DBJDSGZ');
INSERT INTO portfolio (portfolio_id,client_id,portfolio_name) VALUES (7874614,9382184,'AJCHDHJ');
INSERT INTO portfolio (portfolio_id,client_id,portfolio_name) VALUES (7121631,8597970,'AHSGJHE');
INSERT INTO portfolio (portfolio_id,client_id,portfolio_name) VALUES (5383941,1209258,'DEHEGHD');
INSERT INTO portfolio (portfolio_id,client_id,portfolio_name) VALUES (4607178,6506450,'JBJEAAD');
INSERT INTO portfolio (portfolio_id,client_id,portfolio_name) VALUES (9702778,7014424,'HDCHAJA');
INSERT INTO portfolio (portfolio_id,client_id,portfolio_name) VALUES (5279588,2965961,'SEAGSHC');
INSERT INTO portfolio (portfolio_id,client_id,portfolio_name) VALUES (9591974,7207779,'DJJJLAA');
INSERT INTO portfolio (portfolio_id,client_id,portfolio_name) VALUES (6039010,2580886,'GDDSHHJ');
INSERT INTO portfolio (portfolio_id,client_id,portfolio_name) VALUES (2094619,2685315,'LAFBHDS');
INSERT INTO portfolio (portfolio_id,client_id,portfolio_name) VALUES (6767047,7437546,'JADDDLC');
INSERT INTO portfolio (portfolio_id,client_id,portfolio_name) VALUES (8514980,1209258,'BDGELFL');
INSERT INTO portfolio (portfolio_id,client_id,portfolio_name) VALUES (2633607,9224367,'ABGHZZC');
INSERT INTO portfolio (portfolio_id,client_id,portfolio_name) VALUES (9630388,2859103,'HHLBJAZ');
INSERT INTO portfolio (portfolio_id,client_id,portfolio_name) VALUES (8263448,9324385,'AJJDESJ');
INSERT INTO portfolio (portfolio_id,client_id,portfolio_name) VALUES (6256132,5956801,'HBDZESA');
INSERT INTO portfolio (portfolio_id,client_id,portfolio_name) VALUES (8321489,8771251,'FCHAAJD');
INSERT INTO portfolio (portfolio_id,client_id,portfolio_name) VALUES (9405977,3744279,'HHDCLAA');
INSERT INTO portfolio (portfolio_id,client_id,portfolio_name) VALUES (8814867,7798838,'ZGFGDFG');
INSERT INTO portfolio (portfolio_id,client_id,portfolio_name) VALUES (5802294,9316258,'JAJJHGD');
INSERT INTO portfolio (portfolio_id,client_id,portfolio_name) VALUES (7520873,8496269,'FLGDDJA');
INSERT INTO portfolio (portfolio_id,client_id,portfolio_name) VALUES (1440485,7010147,'GEFEBAJ');
INSERT INTO portfolio (portfolio_id,client_id,portfolio_name) VALUES (7344382,7845996,'HCGHCSE');
INSERT INTO portfolio (portfolio_id,client_id,portfolio_name) VALUES (8908456,7181409,'JLHHDDF');
INSERT INTO portfolio (portfolio_id,client_id,portfolio_name) VALUES (6591217,7467861,'EGDJJJH');
INSERT INTO portfolio (portfolio_id,client_id,portfolio_name) VALUES (2830788,7298735,'EHBCCFL');
INSERT INTO portfolio (portfolio_id,client_id,portfolio_name) VALUES (9096155,7402789,'GHDGJGD');
INSERT INTO portfolio (portfolio_id,client_id,portfolio_name) VALUES (1024640,8736183,'EAHGGCG');
INSERT INTO portfolio (portfolio_id,client_id,portfolio_name) VALUES (7276781,7402789,'HDCHEHG');
INSERT INTO portfolio (portfolio_id,client_id,portfolio_name) VALUES (9592050,7040033,'AJZCHJE');
INSERT INTO portfolio (portfolio_id,client_id,portfolio_name) VALUES (2211752,8771251,'ALAZHZF');
INSERT INTO portfolio (portfolio_id,client_id,portfolio_name) VALUES (6365591,3753328,'EAJJDLS');
INSERT INTO portfolio (portfolio_id,client_id,portfolio_name) VALUES (3120676,6012446,'DADHHAE');
INSERT INTO portfolio (portfolio_id,client_id,portfolio_name) VALUES (7889994,9272951,'GHJHJCJ');
INSERT INTO portfolio (portfolio_id,client_id,portfolio_name) VALUES (5033249,6568770,'SDJBSFL');
INSERT INTO portfolio (portfolio_id,client_id,portfolio_name) VALUES (7730788,9353134,'CHAZDGF');
INSERT INTO portfolio (portfolio_id,client_id,portfolio_name) VALUES (9651604,8597970,'DABESHJ');
INSERT INTO portfolio (portfolio_id,client_id,portfolio_name) VALUES (3948116,2951552,'ASEALZE');
INSERT INTO portfolio (portfolio_id,client_id,portfolio_name) VALUES (7320484,7467861,'ZGGGDCJ');
INSERT INTO portfolio (portfolio_id,client_id,portfolio_name) VALUES (9479437,9032761,'ELFGCSL');
INSERT INTO portfolio (portfolio_id,client_id,portfolio_name) VALUES (4555987,7207779,'ZJHAASS');
INSERT INTO portfolio (portfolio_id,client_id,portfolio_name) VALUES (7747313,5956801,'DJAHDBH');
INSERT INTO portfolio (portfolio_id,client_id,portfolio_name) VALUES (9041401,7380300,'AGSEEHG');
INSERT INTO portfolio (portfolio_id,client_id,portfolio_name) VALUES (1926523,8008967,'EJJESBD');
INSERT INTO portfolio (portfolio_id,client_id,portfolio_name) VALUES (8739366,2664804,'EBDAHBG');
INSERT INTO portfolio (portfolio_id,client_id,portfolio_name) VALUES (8464654,9799923,'BSEHHHD');
INSERT INTO portfolio (portfolio_id,client_id,portfolio_name) VALUES (3114342,2870889,'HAGHZHJ');
INSERT INTO portfolio (portfolio_id,client_id,portfolio_name) VALUES (3742510,6886507,'HFDDSAA');
INSERT INTO portfolio (portfolio_id,client_id,portfolio_name) VALUES (5385952,7369686,'GDHAHEZ');
INSERT INTO portfolio (portfolio_id,client_id,portfolio_name) VALUES (7137183,8822674,'GFLHDDE');
INSERT INTO portfolio (portfolio_id,client_id,portfolio_name) VALUES (6813931,9032761,'HBBGJFH');
INSERT INTO portfolio (portfolio_id,client_id,portfolio_name) VALUES (5931905,7402789,'HESHEHB');
INSERT INTO portfolio (portfolio_id,client_id,portfolio_name) VALUES (3032217,3805572,'AADJFSA');
INSERT INTO portfolio (portfolio_id,client_id,portfolio_name) VALUES (9172564,9382184,'BSBSAGE');
INSERT INTO portfolio (portfolio_id,client_id,portfolio_name) VALUES (3044542,7402789,'CLDSAAC');
INSERT INTO portfolio (portfolio_id,client_id,portfolio_name) VALUES (8683763,4216534,'AGHHZDS');
INSERT INTO portfolio (portfolio_id,client_id,portfolio_name) VALUES (7551711,4683562,'JLABHFS');
INSERT INTO portfolio (portfolio_id,client_id,portfolio_name) VALUES (1566570,9316258,'DDHDGDA');
INSERT INTO portfolio (portfolio_id,client_id,portfolio_name) VALUES (9678563,4066917,'SFEBEDD');
INSERT INTO portfolio (portfolio_id,client_id,portfolio_name) VALUES (4720239,7207779,'CDHDHJG');
INSERT INTO portfolio (portfolio_id,client_id,portfolio_name) VALUES (3003417,7402789,'SLDLAAL');
INSERT INTO portfolio (portfolio_id,client_id,portfolio_name) VALUES (8235639,3744279,'ABCHHJL');
INSERT INTO portfolio (portfolio_id,client_id,portfolio_name) VALUES (9278290,5956801,'AGAJHDL');
INSERT INTO portfolio (portfolio_id,client_id,portfolio_name) VALUES (6739459,9224367,'HGAAJHC');
INSERT INTO portfolio (portfolio_id,client_id,portfolio_name) VALUES (4623252,8008967,'HEGGSZJ');
INSERT INTO portfolio (portfolio_id,client_id,portfolio_name) VALUES (8152258,5190382,'DHBEAJF');
INSERT INTO portfolio (portfolio_id,client_id,portfolio_name) VALUES (5263658,9324385,'DZHDFDF');
INSERT INTO portfolio (portfolio_id,client_id,portfolio_name) VALUES (7757602,7298735,'DDDGFGE');
INSERT INTO portfolio (portfolio_id,client_id,portfolio_name) VALUES (8998357,3934057,'LSJHZAH');
INSERT INTO portfolio (portfolio_id,client_id,portfolio_name) VALUES (8454973,6568770,'ACZAFLD');
INSERT INTO portfolio (portfolio_id,client_id,portfolio_name) VALUES (1883460,7642455,'GCAADJA');
INSERT INTO portfolio (portfolio_id,client_id,portfolio_name) VALUES (7590614,7010147,'JGAHGZD');
INSERT INTO portfolio (portfolio_id,client_id,portfolio_name) VALUES (4901728,7845996,'EEAJDHH');
INSERT INTO portfolio (portfolio_id,client_id,portfolio_name) VALUES (6586827,8117515,'GEDGEJF');
INSERT INTO portfolio (portfolio_id,client_id,portfolio_name) VALUES (1986392,9799923,'ZHHCDSS');
INSERT INTO portfolio (portfolio_id,client_id,portfolio_name) VALUES (7613554,8597970,'BAEALZJ');
INSERT INTO portfolio (portfolio_id,client_id,portfolio_name) VALUES (6067184,7943471,'DHGCGHB');
INSERT INTO portfolio (portfolio_id,client_id,portfolio_name) VALUES (5933587,8117515,'HSBZGDJ');
INSERT INTO portfolio (portfolio_id,client_id,portfolio_name) VALUES (7084814,3904896,'LAFDJDD');
INSERT INTO portfolio (portfolio_id,client_id,portfolio_name) VALUES (5033629,6568770,'HDDZDLD');
INSERT INTO portfolio (portfolio_id,client_id,portfolio_name) VALUES (6882550,6138518,'JHDJFJJ');
INSERT INTO portfolio (portfolio_id,client_id,portfolio_name) VALUES (4045671,2554571,'LJHDALL');
INSERT INTO portfolio (portfolio_id,client_id,portfolio_name) VALUES (2994712,8771251,'JDGFZJD');
INSERT INTO portfolio (portfolio_id,client_id,portfolio_name) VALUES (6596703,9382184,'HLHHEZE');
INSERT INTO portfolio (portfolio_id,client_id,portfolio_name) VALUES (8173573,2965961,'BALJDDD');
INSERT INTO portfolio (portfolio_id,client_id,portfolio_name) VALUES (9689734,2510428,'JGDDBDL');
INSERT INTO portfolio (portfolio_id,client_id,portfolio_name) VALUES (9582398,6097199,'CFFHCJH');
INSERT INTO portfolio (portfolio_id,client_id,portfolio_name) VALUES (4587728,1369383,'HBSHAHJ');
INSERT INTO portfolio (portfolio_id,client_id,portfolio_name) VALUES (6932120,9382184,'EEZHJAG');
INSERT INTO portfolio (portfolio_id,client_id,portfolio_name) VALUES (5982158,9353134,'CGGCELG');
INSERT INTO portfolio (portfolio_id,client_id,portfolio_name) VALUES (9073770,5956801,'GGBAHGD');
INSERT INTO portfolio (portfolio_id,client_id,portfolio_name) VALUES (1507741,7040033,'DJHZHLE');
INSERT INTO portfolio (portfolio_id,client_id,portfolio_name) VALUES (2034702,5159004,'JEBSALH');
INSERT INTO portfolio (portfolio_id,client_id,portfolio_name) VALUES (4041804,2965961,'AABJFAA');
INSERT INTO portfolio (portfolio_id,client_id,portfolio_name) VALUES (4000054,2041245,'AGBGEAG');
INSERT INTO portfolio (portfolio_id,client_id,portfolio_name) VALUES (4538706,2870889,'AFLHHLA');
INSERT INTO portfolio (portfolio_id,client_id,portfolio_name) VALUES (8290442,9091454,'SAGGASH');
INSERT INTO portfolio (portfolio_id,client_id,portfolio_name) VALUES (7751414,2965961,'AEZCSGD');
INSERT INTO portfolio (portfolio_id,client_id,portfolio_name) VALUES (1954194,6097199,'AHDBDHH');
INSERT INTO portfolio (portfolio_id,client_id,portfolio_name) VALUES (3721916,9032761,'GBGDCSB');
INSERT INTO portfolio (portfolio_id,client_id,portfolio_name) VALUES (1700080,7924434,'LAAHGCH');
INSERT INTO portfolio (portfolio_id,client_id,portfolio_name) VALUES (4237843,2965961,'GGDAJAG');
INSERT INTO portfolio (portfolio_id,client_id,portfolio_name) VALUES (2200940,6528545,'ZBGAGDF');
INSERT INTO portfolio (portfolio_id,client_id,portfolio_name) VALUES (5663292,7798838,'ADCZHAH');
INSERT INTO portfolio (portfolio_id,client_id,portfolio_name) VALUES (4361663,5821225,'ASHHJZH');
INSERT INTO portfolio (portfolio_id,client_id,portfolio_name) VALUES (7324569,2554571,'LAHASLZ');
INSERT INTO portfolio (portfolio_id,client_id,portfolio_name) VALUES (3561410,2510428,'DJHFBEA');
INSERT INTO portfolio (portfolio_id,client_id,portfolio_name) VALUES (1032669,3744279,'FJDASFD');
INSERT INTO portfolio (portfolio_id,client_id,portfolio_name) VALUES (6727661,7014424,'HHLGLHH');
INSERT INTO portfolio (portfolio_id,client_id,portfolio_name) VALUES (8858307,1038616,'AGBZDAD');
INSERT INTO portfolio (portfolio_id,client_id,portfolio_name) VALUES (4846657,2580886,'CDLDLDA');
INSERT INTO portfolio (portfolio_id,client_id,portfolio_name) VALUES (6779153,6568770,'HAAHFHS');
INSERT INTO portfolio (portfolio_id,client_id,portfolio_name) VALUES (7351476,6528545,'DHDADAH');
INSERT INTO portfolio (portfolio_id,client_id,portfolio_name) VALUES (5710438,5190382,'SJHJHDG');
INSERT INTO portfolio (portfolio_id,client_id,portfolio_name) VALUES (2948988,2965961,'ABLGAHA');
INSERT INTO portfolio (portfolio_id,client_id,portfolio_name) VALUES (5017964,2510428,'CDDFFAJ');
INSERT INTO portfolio (portfolio_id,client_id,portfolio_name) VALUES (5357178,1091894,'SGHBCGH');
INSERT INTO portfolio (portfolio_id,client_id,portfolio_name) VALUES (2952825,8568669,'GCSJFJH');
INSERT INTO portfolio (portfolio_id,client_id,portfolio_name) VALUES (7974290,1889650,'HBEDDZH');
INSERT INTO portfolio (portfolio_id,client_id,portfolio_name) VALUES (2386660,7057834,'GHASHLG');
INSERT INTO portfolio (portfolio_id,client_id,portfolio_name) VALUES (4568145,5812731,'BCLJLJB');
INSERT INTO portfolio (portfolio_id,client_id,portfolio_name) VALUES (6921834,7943471,'JABJCHE');
INSERT INTO portfolio (portfolio_id,client_id,portfolio_name) VALUES (2299788,7298735,'JJDEZDH');
INSERT INTO portfolio (portfolio_id,client_id,portfolio_name) VALUES (7527963,8597970,'DBAALZD');
INSERT INTO portfolio (portfolio_id,client_id,portfolio_name) VALUES (4803637,2041245,'DDGGJFD');
INSERT INTO portfolio (portfolio_id,client_id,portfolio_name) VALUES (8623093,5456466,'DSDZHHL');
INSERT INTO portfolio (portfolio_id,client_id,portfolio_name) VALUES (2262740,3744279,'HJJGSLE');
INSERT INTO portfolio (portfolio_id,client_id,portfolio_name) VALUES (5776213,7437546,'HDFGCGG');
INSERT INTO portfolio (portfolio_id,client_id,portfolio_name) VALUES (7506138,3552259,'JGZHDHG');
INSERT INTO portfolio (portfolio_id,client_id,portfolio_name) VALUES (5723599,8117515,'GHASAEJ');
INSERT INTO portfolio (portfolio_id,client_id,portfolio_name) VALUES (6667830,1055275,'DCDDGLD');
INSERT INTO portfolio (portfolio_id,client_id,portfolio_name) VALUES (2695814,6528545,'AHCZCGL');
INSERT INTO portfolio (portfolio_id,client_id,portfolio_name) VALUES (5999842,3753328,'EAZHFBD');
INSERT INTO portfolio (portfolio_id,client_id,portfolio_name) VALUES (6918513,7437546,'AAHHGFL');
INSERT INTO portfolio (portfolio_id,client_id,portfolio_name) VALUES (8532196,9272951,'LEJDFBC');
INSERT INTO portfolio (portfolio_id,client_id,portfolio_name) VALUES (8621846,9032761,'SCHHDZG');
INSERT INTO portfolio (portfolio_id,client_id,portfolio_name) VALUES (4210426,1214334,'DCAEAZD');
INSERT INTO portfolio (portfolio_id,client_id,portfolio_name) VALUES (1941298,8126156,'HZCBHDH');
INSERT INTO portfolio (portfolio_id,client_id,portfolio_name) VALUES (2097677,6506450,'ZDHZFHA');
INSERT INTO portfolio (portfolio_id,client_id,portfolio_name) VALUES (8044249,7040033,'HAEAAJJ');
INSERT INTO portfolio (portfolio_id,client_id,portfolio_name) VALUES (5842385,2486261,'CSDZZDD');
INSERT INTO portfolio (portfolio_id,client_id,portfolio_name) VALUES (5187546,7369686,'BDDDLCG');
INSERT INTO portfolio (portfolio_id,client_id,portfolio_name) VALUES (4107142,1209258,'HBHSAZL');
INSERT INTO portfolio (portfolio_id,client_id,portfolio_name) VALUES (7268769,1214334,'FLEBJJA');
INSERT INTO portfolio (portfolio_id,client_id,portfolio_name) VALUES (1976670,4302822,'JCHDDFA');
INSERT INTO portfolio (portfolio_id,client_id,portfolio_name) VALUES (6853647,3552259,'HHAHCDZ');
INSERT INTO portfolio (portfolio_id,client_id,portfolio_name) VALUES (7006783,8597970,'ZDDHBCH');
INSERT INTO portfolio (portfolio_id,client_id,portfolio_name) VALUES (5176816,7014424,'SDZHZHZ');
INSERT INTO portfolio (portfolio_id,client_id,portfolio_name) VALUES (9687803,6506450,'ACJLDSG');
INSERT INTO portfolio (portfolio_id,client_id,portfolio_name) VALUES (8335011,5917951,'HJJJSHJ');
INSERT INTO portfolio (portfolio_id,client_id,portfolio_name) VALUES (8691835,7467861,'FJFFGGG');
INSERT INTO portfolio (portfolio_id,client_id,portfolio_name) VALUES (4005788,3805572,'DDJCJLB');
INSERT INTO portfolio (portfolio_id,client_id,portfolio_name) VALUES (5182036,6012446,'DFFDHGJ');
INSERT INTO portfolio (portfolio_id,client_id,portfolio_name) VALUES (7271257,1169301,'ADDLZJB');
INSERT INTO portfolio (portfolio_id,client_id,portfolio_name) VALUES (7524496,2510428,'DDAGFBJ');
INSERT INTO portfolio (portfolio_id,client_id,portfolio_name) VALUES (1376404,7298735,'JHGBADL');
INSERT INTO portfolio (portfolio_id,client_id,portfolio_name) VALUES (8801736,8597970,'HGBHBJZ');
INSERT INTO portfolio (portfolio_id,client_id,portfolio_name) VALUES (6464390,3950576,'SDAAJCJ');
INSERT INTO portfolio (portfolio_id,client_id,portfolio_name) VALUES (6879073,7642455,'DBHEFSH');
INSERT INTO portfolio (portfolio_id,client_id,portfolio_name) VALUES (9886201,3731014,'GAHZCAZ');
INSERT INTO portfolio (portfolio_id,client_id,portfolio_name) VALUES (5528926,8496269,'DDJJBCD');
INSERT INTO portfolio (portfolio_id,client_id,portfolio_name) VALUES (7346011,5190382,'HHDFDAC');
INSERT INTO portfolio (portfolio_id,client_id,portfolio_name) VALUES (6149427,6886507,'ZFHHHAS');
INSERT INTO portfolio (portfolio_id,client_id,portfolio_name) VALUES (3849036,7845996,'EDEDGDF');
INSERT INTO portfolio (portfolio_id,client_id,portfolio_name) VALUES (4328633,9224367,'ZCAHHHJ');
INSERT INTO portfolio (portfolio_id,client_id,portfolio_name) VALUES (9645318,7875768,'DHHZGAH');
INSERT INTO portfolio (portfolio_id,client_id,portfolio_name) VALUES (6978147,8008967,'CSGHJZL');
INSERT INTO portfolio (portfolio_id,client_id,portfolio_name) VALUES (3025819,1214334,'ZDDHFAA');
INSERT INTO portfolio (portfolio_id,client_id,portfolio_name) VALUES (4756572,7402789,'GSABJDG');
INSERT INTO portfolio (portfolio_id,client_id,portfolio_name) VALUES (5118933,9799923,'GAJEFHG');
INSERT INTO portfolio (portfolio_id,client_id,portfolio_name) VALUES (1983037,7875768,'LSECEHB');
INSERT INTO portfolio (portfolio_id,client_id,portfolio_name) VALUES (6655701,2041245,'BSLAJBG');
INSERT INTO portfolio (portfolio_id,client_id,portfolio_name) VALUES (6523257,7943471,'AFADDSD');
INSERT INTO portfolio (portfolio_id,client_id,portfolio_name) VALUES (6270409,9324385,'LJHHHJC');
INSERT INTO portfolio (portfolio_id,client_id,portfolio_name) VALUES (5011199,7875768,'HLJCFLG');
INSERT INTO portfolio (portfolio_id,client_id,portfolio_name) VALUES (6148857,2143416,'LZHDJDE');
INSERT INTO portfolio (portfolio_id,client_id,portfolio_name) VALUES (5442885,9032761,'ZHHEDEC');
INSERT INTO portfolio (portfolio_id,client_id,portfolio_name) VALUES (9491169,6138518,'FJHZCCC');
INSERT INTO portfolio (portfolio_id,client_id,portfolio_name) VALUES (2806797,3552259,'FADFSLB');
INSERT INTO portfolio (portfolio_id,client_id,portfolio_name) VALUES (5492355,7402789,'LCHHJGJ');
INSERT INTO portfolio (portfolio_id,client_id,portfolio_name) VALUES (5277196,3805572,'CDJJHHD');
INSERT INTO portfolio (portfolio_id,client_id,portfolio_name) VALUES (4135183,5233183,'JJCLHHH');
INSERT INTO portfolio (portfolio_id,client_id,portfolio_name) VALUES (9226669,1169301,'ZSJFFFH');
INSERT INTO portfolio (portfolio_id,client_id,portfolio_name) VALUES (9894714,7207779,'DJHGSLB');
INSERT INTO portfolio (portfolio_id,client_id,portfolio_name) VALUES (7266974,6709197,'CGGLHJJ');
INSERT INTO portfolio (portfolio_id,client_id,portfolio_name) VALUES (4117685,2439220,'BBHEECD');
INSERT INTO portfolio (portfolio_id,client_id,portfolio_name) VALUES (7023026,2585578,'JBCLJGF');
INSERT INTO portfolio (portfolio_id,client_id,portfolio_name) VALUES (3465961,7845996,'DBHDZHB');
INSERT INTO portfolio (portfolio_id,client_id,portfolio_name) VALUES (4584115,2664804,'EHCJZBC');
INSERT INTO portfolio (portfolio_id,client_id,portfolio_name) VALUES (7940581,8771251,'ADDHJDC');
INSERT INTO portfolio (portfolio_id,client_id,portfolio_name) VALUES (6462989,4683562,'JZDHHDD');
//=========== cmart portfolio_transaction ==========
DROP TABLE IF EXISTS portfolio_transaction;
CREATE TABLE portfolio_transaction (
	 portfolio_transaction_id INT NOT NULL
	,portfolio_id INT NOT NULL
	,ticker_id INT NOT NULL
	,buy_sell VARCHAR NOT NULL
	,transaction_date VARCHAR NOT NULL
	,notional INT NOT NULL
	,price DECIMAL(15,4) NOT NULL

);
INSERT INTO portfolio_transaction (portfolio_transaction_id,portfolio_id,ticker_id,buy_sell,transaction_date,notional,price) VALUES (2886959,5017964,8909580,'S','2024-05-14',7614,697.1812625707992);
INSERT INTO portfolio_transaction (portfolio_transaction_id,portfolio_id,ticker_id,buy_sell,transaction_date,notional,price) VALUES (1653666,6813931,6655063,'B','2024-07-05',8255,453.029765092678);
INSERT INTO portfolio_transaction (portfolio_transaction_id,portfolio_id,ticker_id,buy_sell,transaction_date,notional,price) VALUES (4769579,5999842,5825745,'S','2024-02-12',2635,357.4467703854559);
INSERT INTO portfolio_transaction (portfolio_transaction_id,portfolio_id,ticker_id,buy_sell,transaction_date,notional,price) VALUES (7653363,6813931,5310716,'B','2024-07-27',9526,454.86470007141975);
INSERT INTO portfolio_transaction (portfolio_transaction_id,portfolio_id,ticker_id,buy_sell,transaction_date,notional,price) VALUES (8239201,5842385,9354787,'B','2024-01-20',7922,296.16929584490606);
INSERT INTO portfolio_transaction (portfolio_transaction_id,portfolio_id,ticker_id,buy_sell,transaction_date,notional,price) VALUES (4343849,8621846,5785268,'B','2024-05-13',5680,564.8011146364676);
INSERT INTO portfolio_transaction (portfolio_transaction_id,portfolio_id,ticker_id,buy_sell,transaction_date,notional,price) VALUES (4184816,8152258,6822756,'S','2024-05-24',3609,960.0764898119666);
INSERT INTO portfolio_transaction (portfolio_transaction_id,portfolio_id,ticker_id,buy_sell,transaction_date,notional,price) VALUES (8247962,6978147,7660026,'B','2024-01-05',1591,503.10068099444874);
INSERT INTO portfolio_transaction (portfolio_transaction_id,portfolio_id,ticker_id,buy_sell,transaction_date,notional,price) VALUES (4923698,8173573,5310716,'S','2024-10-05',9743,981.9010595773748);
INSERT INTO portfolio_transaction (portfolio_transaction_id,portfolio_id,ticker_id,buy_sell,transaction_date,notional,price) VALUES (1770258,2262740,4108863,'S','2024-08-26',3300,35.17009361334389);
INSERT INTO portfolio_transaction (portfolio_transaction_id,portfolio_id,ticker_id,buy_sell,transaction_date,notional,price) VALUES (8318343,5629290,8909580,'S','2024-06-24',428,360.42749977600675);
INSERT INTO portfolio_transaction (portfolio_transaction_id,portfolio_id,ticker_id,buy_sell,transaction_date,notional,price) VALUES (8997453,1941298,8545473,'B','2024-02-17',6753,911.0748538368538);
INSERT INTO portfolio_transaction (portfolio_transaction_id,portfolio_id,ticker_id,buy_sell,transaction_date,notional,price) VALUES (4287241,9096155,8203953,'B','2024-03-28',9771,41.077072023049446);
INSERT INTO portfolio_transaction (portfolio_transaction_id,portfolio_id,ticker_id,buy_sell,transaction_date,notional,price) VALUES (7962332,6767047,7190757,'S','2024-03-20',2757,907.31969040986);
INSERT INTO portfolio_transaction (portfolio_transaction_id,portfolio_id,ticker_id,buy_sell,transaction_date,notional,price) VALUES (5688504,8464654,1455208,'S','2024-01-11',3429,116.1916892027407);
INSERT INTO portfolio_transaction (portfolio_transaction_id,portfolio_id,ticker_id,buy_sell,transaction_date,notional,price) VALUES (9967895,3120676,8909580,'S','2024-03-26',4989,481.6177314160008);
INSERT INTO portfolio_transaction (portfolio_transaction_id,portfolio_id,ticker_id,buy_sell,transaction_date,notional,price) VALUES (6610028,5187546,7660026,'S','2024-01-21',2898,55.98595344703361);
INSERT INTO portfolio_transaction (portfolio_transaction_id,portfolio_id,ticker_id,buy_sell,transaction_date,notional,price) VALUES (5169506,6882550,3152034,'S','2024-05-15',8420,717.6991208742834);
INSERT INTO portfolio_transaction (portfolio_transaction_id,portfolio_id,ticker_id,buy_sell,transaction_date,notional,price) VALUES (6867389,6560875,4108863,'S','2024-03-07',9642,829.4790612764153);
INSERT INTO portfolio_transaction (portfolio_transaction_id,portfolio_id,ticker_id,buy_sell,transaction_date,notional,price) VALUES (8032334,8290442,8901028,'S','2024-06-08',1382,465.9212459406845);
INSERT INTO portfolio_transaction (portfolio_transaction_id,portfolio_id,ticker_id,buy_sell,transaction_date,notional,price) VALUES (5742653,5933587,2761767,'S','2024-03-23',7788,582.1178198729215);
INSERT INTO portfolio_transaction (portfolio_transaction_id,portfolio_id,ticker_id,buy_sell,transaction_date,notional,price) VALUES (4953650,7320484,5310716,'S','2024-04-29',3803,973.9608659124389);
INSERT INTO portfolio_transaction (portfolio_transaction_id,portfolio_id,ticker_id,buy_sell,transaction_date,notional,price) VALUES (3222923,6813931,4498930,'B','2024-03-15',4766,65.21606743605335);
INSERT INTO portfolio_transaction (portfolio_transaction_id,portfolio_id,ticker_id,buy_sell,transaction_date,notional,price) VALUES (9971299,2094619,5977308,'B','2024-02-23',1327,779.5713792513877);
INSERT INTO portfolio_transaction (portfolio_transaction_id,portfolio_id,ticker_id,buy_sell,transaction_date,notional,price) VALUES (7017595,2097677,9354787,'B','2024-03-09',5785,313.5678198278141);
INSERT INTO portfolio_transaction (portfolio_transaction_id,portfolio_id,ticker_id,buy_sell,transaction_date,notional,price) VALUES (7634089,2806797,2943699,'B','2024-04-28',2255,591.5603713861891);
INSERT INTO portfolio_transaction (portfolio_transaction_id,portfolio_id,ticker_id,buy_sell,transaction_date,notional,price) VALUES (5838766,6921834,6673032,'S','2024-06-24',912,834.8731104974847);
INSERT INTO portfolio_transaction (portfolio_transaction_id,portfolio_id,ticker_id,buy_sell,transaction_date,notional,price) VALUES (4923324,3032217,8203953,'S','2024-05-19',5381,772.860794228086);
INSERT INTO portfolio_transaction (portfolio_transaction_id,portfolio_id,ticker_id,buy_sell,transaction_date,notional,price) VALUES (8252020,6853647,1809662,'S','2024-07-02',3710,852.7132634306283);
INSERT INTO portfolio_transaction (portfolio_transaction_id,portfolio_id,ticker_id,buy_sell,transaction_date,notional,price) VALUES (1710729,2211752,2761767,'S','2024-08-19',9026,552.491646221846);
INSERT INTO portfolio_transaction (portfolio_transaction_id,portfolio_id,ticker_id,buy_sell,transaction_date,notional,price) VALUES (9975941,7751414,8909580,'B','2024-02-08',4476,630.2615425230606);
INSERT INTO portfolio_transaction (portfolio_transaction_id,portfolio_id,ticker_id,buy_sell,transaction_date,notional,price) VALUES (5259190,8814867,9303735,'B','2024-03-10',4867,503.99452558885025);
INSERT INTO portfolio_transaction (portfolio_transaction_id,portfolio_id,ticker_id,buy_sell,transaction_date,notional,price) VALUES (6721158,4607178,2106347,'S','2024-05-22',4999,87.72637000159733);
INSERT INTO portfolio_transaction (portfolio_transaction_id,portfolio_id,ticker_id,buy_sell,transaction_date,notional,price) VALUES (2430514,7524496,5865370,'B','2024-08-09',323,643.8745164203353);
INSERT INTO portfolio_transaction (portfolio_transaction_id,portfolio_id,ticker_id,buy_sell,transaction_date,notional,price) VALUES (1840904,8464654,1455208,'B','2024-01-31',6247,718.2151518948584);
INSERT INTO portfolio_transaction (portfolio_transaction_id,portfolio_id,ticker_id,buy_sell,transaction_date,notional,price) VALUES (2495955,2034702,5825745,'S','2024-01-06',1495,109.62131811273012);
INSERT INTO portfolio_transaction (portfolio_transaction_id,portfolio_id,ticker_id,buy_sell,transaction_date,notional,price) VALUES (4129181,5277196,4204493,'B','2024-04-09',8862,577.4715955754501);
INSERT INTO portfolio_transaction (portfolio_transaction_id,portfolio_id,ticker_id,buy_sell,transaction_date,notional,price) VALUES (7098611,6921834,7660026,'S','2024-09-01',7964,405.37940861033104);
INSERT INTO portfolio_transaction (portfolio_transaction_id,portfolio_id,ticker_id,buy_sell,transaction_date,notional,price) VALUES (8957191,5033629,3589986,'B','2024-06-20',5464,307.20920934037434);
INSERT INTO portfolio_transaction (portfolio_transaction_id,portfolio_id,ticker_id,buy_sell,transaction_date,notional,price) VALUES (8504109,5528926,5658043,'B','2024-10-26',2464,942.6290406858975);
INSERT INTO portfolio_transaction (portfolio_transaction_id,portfolio_id,ticker_id,buy_sell,transaction_date,notional,price) VALUES (2948117,8739366,2106347,'B','2024-01-10',4781,645.4606060224459);
INSERT INTO portfolio_transaction (portfolio_transaction_id,portfolio_id,ticker_id,buy_sell,transaction_date,notional,price) VALUES (8296633,2299788,9445382,'S','2024-02-15',1992,467.9347467678706);
INSERT INTO portfolio_transaction (portfolio_transaction_id,portfolio_id,ticker_id,buy_sell,transaction_date,notional,price) VALUES (1053312,5033249,4108863,'S','2024-02-12',4825,921.6394735475246);
INSERT INTO portfolio_transaction (portfolio_transaction_id,portfolio_id,ticker_id,buy_sell,transaction_date,notional,price) VALUES (9808277,7874614,5977308,'S','2024-08-09',4759,52.971465461482566);
INSERT INTO portfolio_transaction (portfolio_transaction_id,portfolio_id,ticker_id,buy_sell,transaction_date,notional,price) VALUES (4534735,8263448,3152034,'B','2024-02-02',4810,204.67069337934117);
INSERT INTO portfolio_transaction (portfolio_transaction_id,portfolio_id,ticker_id,buy_sell,transaction_date,notional,price) VALUES (5401760,3114342,2408160,'B','2024-08-06',4629,798.0567275883628);
INSERT INTO portfolio_transaction (portfolio_transaction_id,portfolio_id,ticker_id,buy_sell,transaction_date,notional,price) VALUES (6341227,2034702,8909580,'B','2024-11-11',337,927.938035001708);
INSERT INTO portfolio_transaction (portfolio_transaction_id,portfolio_id,ticker_id,buy_sell,transaction_date,notional,price) VALUES (5999859,6560875,9303735,'B','2024-06-13',4651,833.9090161202256);
INSERT INTO portfolio_transaction (portfolio_transaction_id,portfolio_id,ticker_id,buy_sell,transaction_date,notional,price) VALUES (6091539,2262740,8545473,'B','2024-10-28',8134,217.4721378819603);
INSERT INTO portfolio_transaction (portfolio_transaction_id,portfolio_id,ticker_id,buy_sell,transaction_date,notional,price) VALUES (9348876,5802294,1455208,'B','2024-06-26',111,678.8303721325069);
INSERT INTO portfolio_transaction (portfolio_transaction_id,portfolio_id,ticker_id,buy_sell,transaction_date,notional,price) VALUES (7157213,9886201,2447641,'S','2024-05-19',2383,672.8926847313691);
INSERT INTO portfolio_transaction (portfolio_transaction_id,portfolio_id,ticker_id,buy_sell,transaction_date,notional,price) VALUES (9481272,2094619,2761767,'B','2024-09-30',590,144.8579976646429);
INSERT INTO portfolio_transaction (portfolio_transaction_id,portfolio_id,ticker_id,buy_sell,transaction_date,notional,price) VALUES (9908317,3742510,9265920,'B','2024-01-04',8210,575.9853259918656);
INSERT INTO portfolio_transaction (portfolio_transaction_id,portfolio_id,ticker_id,buy_sell,transaction_date,notional,price) VALUES (6204607,6767047,8935313,'B','2024-05-27',2575,998.5327284871894);
INSERT INTO portfolio_transaction (portfolio_transaction_id,portfolio_id,ticker_id,buy_sell,transaction_date,notional,price) VALUES (5381780,6596703,4246994,'B','2024-01-09',2567,421.01723669416623);
INSERT INTO portfolio_transaction (portfolio_transaction_id,portfolio_id,ticker_id,buy_sell,transaction_date,notional,price) VALUES (6423612,4041804,7523768,'S','2024-02-20',9615,698.9533914927949);
INSERT INTO portfolio_transaction (portfolio_transaction_id,portfolio_id,ticker_id,buy_sell,transaction_date,notional,price) VALUES (1601016,6256132,3566783,'B','2024-04-14',2319,803.5301407464527);
INSERT INTO portfolio_transaction (portfolio_transaction_id,portfolio_id,ticker_id,buy_sell,transaction_date,notional,price) VALUES (1839682,8044249,6673032,'B','2024-03-18',36,869.6995930766143);
INSERT INTO portfolio_transaction (portfolio_transaction_id,portfolio_id,ticker_id,buy_sell,transaction_date,notional,price) VALUES (6266945,7751414,7660026,'S','2024-05-14',9418,940.8533887706644);
INSERT INTO portfolio_transaction (portfolio_transaction_id,portfolio_id,ticker_id,buy_sell,transaction_date,notional,price) VALUES (1958274,2695814,7523768,'S','2024-01-23',7199,628.5850504465568);
INSERT INTO portfolio_transaction (portfolio_transaction_id,portfolio_id,ticker_id,buy_sell,transaction_date,notional,price) VALUES (5558165,7268769,6507213,'S','2024-11-08',4474,9.416436147710261);
INSERT INTO portfolio_transaction (portfolio_transaction_id,portfolio_id,ticker_id,buy_sell,transaction_date,notional,price) VALUES (7845926,8908456,7916396,'B','2024-03-21',9792,444.6704281449426);
INSERT INTO portfolio_transaction (portfolio_transaction_id,portfolio_id,ticker_id,buy_sell,transaction_date,notional,price) VALUES (7883823,5187546,4108863,'S','2024-02-28',3398,534.3328267548592);
INSERT INTO portfolio_transaction (portfolio_transaction_id,portfolio_id,ticker_id,buy_sell,transaction_date,notional,price) VALUES (1759565,7751414,5087717,'B','2024-11-02',6431,256.8618561650057);
INSERT INTO portfolio_transaction (portfolio_transaction_id,portfolio_id,ticker_id,buy_sell,transaction_date,notional,price) VALUES (8724368,4041804,6507213,'B','2024-06-23',3532,502.0507286886644);
INSERT INTO portfolio_transaction (portfolio_transaction_id,portfolio_id,ticker_id,buy_sell,transaction_date,notional,price) VALUES (6271173,8335011,5785268,'S','2024-10-01',6083,195.64567312898706);
INSERT INTO portfolio_transaction (portfolio_transaction_id,portfolio_id,ticker_id,buy_sell,transaction_date,notional,price) VALUES (5633332,4555987,5310716,'B','2024-07-20',2371,260.39406933259426);
INSERT INTO portfolio_transaction (portfolio_transaction_id,portfolio_id,ticker_id,buy_sell,transaction_date,notional,price) VALUES (4472649,7271257,4246994,'B','2024-10-22',9977,870.1632777905891);
INSERT INTO portfolio_transaction (portfolio_transaction_id,portfolio_id,ticker_id,buy_sell,transaction_date,notional,price) VALUES (4831423,9278290,9517466,'B','2024-10-25',6990,977.968158958122);
INSERT INTO portfolio_transaction (portfolio_transaction_id,portfolio_id,ticker_id,buy_sell,transaction_date,notional,price) VALUES (9469562,9678563,4108863,'S','2024-05-27',9577,602.2904982593762);
INSERT INTO portfolio_transaction (portfolio_transaction_id,portfolio_id,ticker_id,buy_sell,transaction_date,notional,price) VALUES (7787276,6464390,4771018,'S','2024-03-16',1215,974.3233846007463);
INSERT INTO portfolio_transaction (portfolio_transaction_id,portfolio_id,ticker_id,buy_sell,transaction_date,notional,price) VALUES (3119966,1376404,6306939,'S','2024-02-19',8220,532.3575619513449);
INSERT INTO portfolio_transaction (portfolio_transaction_id,portfolio_id,ticker_id,buy_sell,transaction_date,notional,price) VALUES (8877359,2333063,4108863,'S','2024-07-29',6560,997.1433996245436);
INSERT INTO portfolio_transaction (portfolio_transaction_id,portfolio_id,ticker_id,buy_sell,transaction_date,notional,price) VALUES (4057695,1926523,2761767,'S','2024-08-31',6648,349.23181222000056);
INSERT INTO portfolio_transaction (portfolio_transaction_id,portfolio_id,ticker_id,buy_sell,transaction_date,notional,price) VALUES (3728485,2830788,1809662,'S','2024-09-03',7828,563.3459410764153);
INSERT INTO portfolio_transaction (portfolio_transaction_id,portfolio_id,ticker_id,buy_sell,transaction_date,notional,price) VALUES (6884543,5383941,4108863,'B','2024-06-13',7231,958.2686098101117);
INSERT INTO portfolio_transaction (portfolio_transaction_id,portfolio_id,ticker_id,buy_sell,transaction_date,notional,price) VALUES (9744492,9491169,9265920,'B','2024-07-10',244,27.124080192660326);
INSERT INTO portfolio_transaction (portfolio_transaction_id,portfolio_id,ticker_id,buy_sell,transaction_date,notional,price) VALUES (8660084,7324569,8901028,'B','2024-08-26',935,448.92606343983834);
INSERT INTO portfolio_transaction (portfolio_transaction_id,portfolio_id,ticker_id,buy_sell,transaction_date,notional,price) VALUES (9686695,4000054,5825745,'B','2024-02-09',5415,22.60014863688675);
INSERT INTO portfolio_transaction (portfolio_transaction_id,portfolio_id,ticker_id,buy_sell,transaction_date,notional,price) VALUES (2480949,9172564,7190757,'S','2024-06-23',8752,329.0019584427167);
INSERT INTO portfolio_transaction (portfolio_transaction_id,portfolio_id,ticker_id,buy_sell,transaction_date,notional,price) VALUES (3321916,4803637,5658043,'S','2024-04-04',4763,166.53319543380206);
INSERT INTO portfolio_transaction (portfolio_transaction_id,portfolio_id,ticker_id,buy_sell,transaction_date,notional,price) VALUES (3587849,4756572,5658043,'B','2024-07-21',2812,886.227954681664);
INSERT INTO portfolio_transaction (portfolio_transaction_id,portfolio_id,ticker_id,buy_sell,transaction_date,notional,price) VALUES (7683640,5663292,7916396,'S','2024-09-08',7560,834.8785867216101);
INSERT INTO portfolio_transaction (portfolio_transaction_id,portfolio_id,ticker_id,buy_sell,transaction_date,notional,price) VALUES (4889078,4005788,7190757,'S','2024-04-16',8212,103.84635766335826);
INSERT INTO portfolio_transaction (portfolio_transaction_id,portfolio_id,ticker_id,buy_sell,transaction_date,notional,price) VALUES (5253997,9651604,5785268,'S','2024-02-28',5242,988.0881601471813);
INSERT INTO portfolio_transaction (portfolio_transaction_id,portfolio_id,ticker_id,buy_sell,transaction_date,notional,price) VALUES (3370134,5033629,9839097,'B','2024-08-24',7354,700.0638690794376);
INSERT INTO portfolio_transaction (portfolio_transaction_id,portfolio_id,ticker_id,buy_sell,transaction_date,notional,price) VALUES (2749325,4720239,9303735,'S','2024-05-07',5242,564.0632336408399);
INSERT INTO portfolio_transaction (portfolio_transaction_id,portfolio_id,ticker_id,buy_sell,transaction_date,notional,price) VALUES (1085241,8683763,5087717,'B','2024-08-13',4753,116.26183256156564);
INSERT INTO portfolio_transaction (portfolio_transaction_id,portfolio_id,ticker_id,buy_sell,transaction_date,notional,price) VALUES (3377049,2299788,2761767,'B','2024-10-25',6006,394.08587892165446);
INSERT INTO portfolio_transaction (portfolio_transaction_id,portfolio_id,ticker_id,buy_sell,transaction_date,notional,price) VALUES (6916785,9477572,2185536,'B','2024-09-15',4751,373.8530633359811);
INSERT INTO portfolio_transaction (portfolio_transaction_id,portfolio_id,ticker_id,buy_sell,transaction_date,notional,price) VALUES (7625998,2211752,9354787,'S','2024-01-20',3921,876.6603384128489);
INSERT INTO portfolio_transaction (portfolio_transaction_id,portfolio_id,ticker_id,buy_sell,transaction_date,notional,price) VALUES (8500628,9592050,7916396,'S','2024-04-13',9989,840.2644425105732);
INSERT INTO portfolio_transaction (portfolio_transaction_id,portfolio_id,ticker_id,buy_sell,transaction_date,notional,price) VALUES (3002258,6067184,6822756,'B','2024-02-01',3717,779.8285540078504);
INSERT INTO portfolio_transaction (portfolio_transaction_id,portfolio_id,ticker_id,buy_sell,transaction_date,notional,price) VALUES (7045249,9278290,7916396,'B','2024-06-02',9032,380.2293590770347);
INSERT INTO portfolio_transaction (portfolio_transaction_id,portfolio_id,ticker_id,buy_sell,transaction_date,notional,price) VALUES (7952476,7031006,1809662,'S','2024-05-31',7400,500.49599035405623);
INSERT INTO portfolio_transaction (portfolio_transaction_id,portfolio_id,ticker_id,buy_sell,transaction_date,notional,price) VALUES (4456541,7268769,6507213,'B','2024-04-19',5518,422.1602152202638);
INSERT INTO portfolio_transaction (portfolio_transaction_id,portfolio_id,ticker_id,buy_sell,transaction_date,notional,price) VALUES (6577537,1254460,5658043,'B','2024-04-28',3236,668.5187650728017);
INSERT INTO portfolio_transaction (portfolio_transaction_id,portfolio_id,ticker_id,buy_sell,transaction_date,notional,price) VALUES (4280438,3120676,4771018,'S','2024-01-01',3888,972.1473572898132);
INSERT INTO portfolio_transaction (portfolio_transaction_id,portfolio_id,ticker_id,buy_sell,transaction_date,notional,price) VALUES (5044603,1926523,4693743,'S','2024-10-28',1982,104.44504123104903);
INSERT INTO portfolio_transaction (portfolio_transaction_id,portfolio_id,ticker_id,buy_sell,transaction_date,notional,price) VALUES (1741397,2695814,8909580,'B','2024-05-10',8631,243.2416331351026);
INSERT INTO portfolio_transaction (portfolio_transaction_id,portfolio_id,ticker_id,buy_sell,transaction_date,notional,price) VALUES (5052881,7121631,7660026,'S','2024-08-03',6843,328.1729260862698);
INSERT INTO portfolio_transaction (portfolio_transaction_id,portfolio_id,ticker_id,buy_sell,transaction_date,notional,price) VALUES (1426864,1700080,6306939,'B','2024-08-23',4546,156.63270605359614);
INSERT INTO portfolio_transaction (portfolio_transaction_id,portfolio_id,ticker_id,buy_sell,transaction_date,notional,price) VALUES (2753012,1700080,5785268,'B','2024-03-03',8721,296.34718574556416);
INSERT INTO portfolio_transaction (portfolio_transaction_id,portfolio_id,ticker_id,buy_sell,transaction_date,notional,price) VALUES (4053782,7121631,3589986,'S','2024-04-07',7626,761.5155177549558);
INSERT INTO portfolio_transaction (portfolio_transaction_id,portfolio_id,ticker_id,buy_sell,transaction_date,notional,price) VALUES (8218220,6464390,1809662,'S','2024-02-26',7576,34.8877849724063);
INSERT INTO portfolio_transaction (portfolio_transaction_id,portfolio_id,ticker_id,buy_sell,transaction_date,notional,price) VALUES (7805510,2952825,6822756,'B','2024-02-11',2190,847.5055284832981);
INSERT INTO portfolio_transaction (portfolio_transaction_id,portfolio_id,ticker_id,buy_sell,transaction_date,notional,price) VALUES (1365232,2200940,2408160,'S','2024-01-08',9927,93.81305304134236);
INSERT INTO portfolio_transaction (portfolio_transaction_id,portfolio_id,ticker_id,buy_sell,transaction_date,notional,price) VALUES (5917047,4361663,5658043,'S','2024-01-18',7626,419.85328439757006);
INSERT INTO portfolio_transaction (portfolio_transaction_id,portfolio_id,ticker_id,buy_sell,transaction_date,notional,price) VALUES (9494386,7940581,1455208,'B','2024-10-24',7356,298.5233301451018);
INSERT INTO portfolio_transaction (portfolio_transaction_id,portfolio_id,ticker_id,buy_sell,transaction_date,notional,price) VALUES (9785525,5982158,2761767,'S','2024-04-19',8427,318.9754848084341);
INSERT INTO portfolio_transaction (portfolio_transaction_id,portfolio_id,ticker_id,buy_sell,transaction_date,notional,price) VALUES (2246887,3948116,4204493,'S','2024-04-19',5983,734.5067438479502);
INSERT INTO portfolio_transaction (portfolio_transaction_id,portfolio_id,ticker_id,buy_sell,transaction_date,notional,price) VALUES (1705793,7031006,4693743,'B','2024-05-16',3937,660.9430177290691);
INSERT INTO portfolio_transaction (portfolio_transaction_id,portfolio_id,ticker_id,buy_sell,transaction_date,notional,price) VALUES (9284805,8691835,1455208,'S','2024-09-28',3587,956.3761649387908);
INSERT INTO portfolio_transaction (portfolio_transaction_id,portfolio_id,ticker_id,buy_sell,transaction_date,notional,price) VALUES (1918307,3032217,1809662,'B','2024-02-02',1318,821.1541679305096);
INSERT INTO portfolio_transaction (portfolio_transaction_id,portfolio_id,ticker_id,buy_sell,transaction_date,notional,price) VALUES (2684411,7276781,4394943,'B','2024-07-26',3787,714.1078552773516);
INSERT INTO portfolio_transaction (portfolio_transaction_id,portfolio_id,ticker_id,buy_sell,transaction_date,notional,price) VALUES (8409775,6727661,2943699,'S','2024-01-08',5344,180.8204841095288);
INSERT INTO portfolio_transaction (portfolio_transaction_id,portfolio_id,ticker_id,buy_sell,transaction_date,notional,price) VALUES (3255067,7874614,4394943,'S','2024-11-07',6180,530.9904609804867);
INSERT INTO portfolio_transaction (portfolio_transaction_id,portfolio_id,ticker_id,buy_sell,transaction_date,notional,price) VALUES (4116951,9591974,6822756,'S','2024-03-29',6197,527.1266121739204);
INSERT INTO portfolio_transaction (portfolio_transaction_id,portfolio_id,ticker_id,buy_sell,transaction_date,notional,price) VALUES (4527916,7520873,2779908,'B','2024-07-18',9497,35.31387255535057);
INSERT INTO portfolio_transaction (portfolio_transaction_id,portfolio_id,ticker_id,buy_sell,transaction_date,notional,price) VALUES (4590710,5326911,8935313,'B','2024-06-21',912,833.6232697879715);
INSERT INTO portfolio_transaction (portfolio_transaction_id,portfolio_id,ticker_id,buy_sell,transaction_date,notional,price) VALUES (9736868,9582398,6507213,'B','2024-02-11',6678,653.988130541948);
INSERT INTO portfolio_transaction (portfolio_transaction_id,portfolio_id,ticker_id,buy_sell,transaction_date,notional,price) VALUES (9048203,7730788,9839097,'B','2024-01-16',5183,955.5981356450625);
INSERT INTO portfolio_transaction (portfolio_transaction_id,portfolio_id,ticker_id,buy_sell,transaction_date,notional,price) VALUES (7196177,8801736,6507213,'B','2024-02-07',7677,734.1479653940794);
INSERT INTO portfolio_transaction (portfolio_transaction_id,portfolio_id,ticker_id,buy_sell,transaction_date,notional,price) VALUES (1506782,6932120,5865370,'S','2024-06-16',7464,742.3816614046825);
INSERT INTO portfolio_transaction (portfolio_transaction_id,portfolio_id,ticker_id,buy_sell,transaction_date,notional,price) VALUES (8768652,1024640,4771018,'S','2024-06-12',3041,810.9000790552201);
INSERT INTO portfolio_transaction (portfolio_transaction_id,portfolio_id,ticker_id,buy_sell,transaction_date,notional,price) VALUES (3309573,7324569,4108863,'B','2024-07-19',669,274.8053502279977);
INSERT INTO portfolio_transaction (portfolio_transaction_id,portfolio_id,ticker_id,buy_sell,transaction_date,notional,price) VALUES (7432610,2994712,8935313,'B','2024-06-10',9248,2.165878905115659);
INSERT INTO portfolio_transaction (portfolio_transaction_id,portfolio_id,ticker_id,buy_sell,transaction_date,notional,price) VALUES (2262280,1926523,5977308,'S','2024-06-29',8433,15.261188316346598);
INSERT INTO portfolio_transaction (portfolio_transaction_id,portfolio_id,ticker_id,buy_sell,transaction_date,notional,price) VALUES (5985549,5999842,7916396,'S','2024-06-26',7893,630.370318415693);
INSERT INTO portfolio_transaction (portfolio_transaction_id,portfolio_id,ticker_id,buy_sell,transaction_date,notional,price) VALUES (2854357,2806797,7523768,'B','2024-11-10',9811,308.3864764530784);
INSERT INTO portfolio_transaction (portfolio_transaction_id,portfolio_id,ticker_id,buy_sell,transaction_date,notional,price) VALUES (7794847,6149427,2185536,'B','2024-03-19',9919,769.0707634464719);
INSERT INTO portfolio_transaction (portfolio_transaction_id,portfolio_id,ticker_id,buy_sell,transaction_date,notional,price) VALUES (1436517,8173573,7523768,'B','2024-05-16',3430,228.25450852356033);
INSERT INTO portfolio_transaction (portfolio_transaction_id,portfolio_id,ticker_id,buy_sell,transaction_date,notional,price) VALUES (8705319,6149427,6306939,'B','2024-05-03',6483,996.7589037277168);
INSERT INTO portfolio_transaction (portfolio_transaction_id,portfolio_id,ticker_id,buy_sell,transaction_date,notional,price) VALUES (6919673,4538706,7523768,'S','2024-08-27',3616,555.0016392793611);
INSERT INTO portfolio_transaction (portfolio_transaction_id,portfolio_id,ticker_id,buy_sell,transaction_date,notional,price) VALUES (3437858,1986392,2106347,'B','2024-02-02',8590,871.5017334088195);
INSERT INTO portfolio_transaction (portfolio_transaction_id,portfolio_id,ticker_id,buy_sell,transaction_date,notional,price) VALUES (6750135,6739459,7557771,'S','2024-08-08',2051,12.092251806953168);
INSERT INTO portfolio_transaction (portfolio_transaction_id,portfolio_id,ticker_id,buy_sell,transaction_date,notional,price) VALUES (3554557,9096155,2106347,'S','2024-02-15',9312,54.6196233229217);
INSERT INTO portfolio_transaction (portfolio_transaction_id,portfolio_id,ticker_id,buy_sell,transaction_date,notional,price) VALUES (3355524,5033249,5825745,'S','2024-03-27',6996,399.0205624728236);
INSERT INTO portfolio_transaction (portfolio_transaction_id,portfolio_id,ticker_id,buy_sell,transaction_date,notional,price) VALUES (5189689,4584115,8935313,'S','2024-05-11',2334,966.528064851835);
INSERT INTO portfolio_transaction (portfolio_transaction_id,portfolio_id,ticker_id,buy_sell,transaction_date,notional,price) VALUES (6852171,6932120,8909580,'S','2024-04-30',6858,919.5427951668642);
INSERT INTO portfolio_transaction (portfolio_transaction_id,portfolio_id,ticker_id,buy_sell,transaction_date,notional,price) VALUES (6348130,5187546,7523768,'B','2024-08-13',4449,387.30201264165254);
INSERT INTO portfolio_transaction (portfolio_transaction_id,portfolio_id,ticker_id,buy_sell,transaction_date,notional,price) VALUES (8263886,7351476,2761767,'S','2024-06-02',7990,767.2511334277145);
INSERT INTO portfolio_transaction (portfolio_transaction_id,portfolio_id,ticker_id,buy_sell,transaction_date,notional,price) VALUES (3048014,5442885,4246994,'B','2024-08-06',2909,441.05554168554096);
INSERT INTO portfolio_transaction (portfolio_transaction_id,portfolio_id,ticker_id,buy_sell,transaction_date,notional,price) VALUES (5688345,6270409,3249800,'B','2024-07-14',4615,6.979447603917444);
INSERT INTO portfolio_transaction (portfolio_transaction_id,portfolio_id,ticker_id,buy_sell,transaction_date,notional,price) VALUES (6065092,1566570,9445382,'B','2024-08-09',7061,396.4462715076571);
INSERT INTO portfolio_transaction (portfolio_transaction_id,portfolio_id,ticker_id,buy_sell,transaction_date,notional,price) VALUES (1292346,2386660,3589986,'B','2024-08-11',7624,643.7419094453501);
INSERT INTO portfolio_transaction (portfolio_transaction_id,portfolio_id,ticker_id,buy_sell,transaction_date,notional,price) VALUES (7428355,1032669,2185536,'B','2024-02-06',9684,852.6891348649749);
INSERT INTO portfolio_transaction (portfolio_transaction_id,portfolio_id,ticker_id,buy_sell,transaction_date,notional,price) VALUES (6934576,7590614,6507213,'S','2024-08-20',332,467.3120200027977);
INSERT INTO portfolio_transaction (portfolio_transaction_id,portfolio_id,ticker_id,buy_sell,transaction_date,notional,price) VALUES (1854230,5663292,8203953,'S','2024-07-11',4347,108.76526962555278);
INSERT INTO portfolio_transaction (portfolio_transaction_id,portfolio_id,ticker_id,buy_sell,transaction_date,notional,price) VALUES (3680627,2333063,8545473,'S','2024-10-12',1935,927.5679523735465);
INSERT INTO portfolio_transaction (portfolio_transaction_id,portfolio_id,ticker_id,buy_sell,transaction_date,notional,price) VALUES (8120771,7324569,5087717,'B','2024-08-10',8374,489.6076919490453);
INSERT INTO portfolio_transaction (portfolio_transaction_id,portfolio_id,ticker_id,buy_sell,transaction_date,notional,price) VALUES (5500135,7506138,2185536,'S','2024-02-22',585,291.89591708841755);
INSERT INTO portfolio_transaction (portfolio_transaction_id,portfolio_id,ticker_id,buy_sell,transaction_date,notional,price) VALUES (7207577,1986392,6306939,'B','2024-06-20',9550,836.6330425357728);
INSERT INTO portfolio_transaction (portfolio_transaction_id,portfolio_id,ticker_id,buy_sell,transaction_date,notional,price) VALUES (6948324,7730788,6507213,'B','2024-05-29',2007,718.1799677048637);
INSERT INTO portfolio_transaction (portfolio_transaction_id,portfolio_id,ticker_id,buy_sell,transaction_date,notional,price) VALUES (3864919,2806797,9303735,'S','2024-05-30',2808,33.43304729734409);
INSERT INTO portfolio_transaction (portfolio_transaction_id,portfolio_id,ticker_id,buy_sell,transaction_date,notional,price) VALUES (8485847,5629290,8203953,'S','2024-08-08',5713,451.0934300409334);
INSERT INTO portfolio_transaction (portfolio_transaction_id,portfolio_id,ticker_id,buy_sell,transaction_date,notional,price) VALUES (7801768,5931905,4693743,'B','2024-04-22',6662,5.08391869469127);
INSERT INTO portfolio_transaction (portfolio_transaction_id,portfolio_id,ticker_id,buy_sell,transaction_date,notional,price) VALUES (3357102,4756572,4108863,'B','2024-04-06',8508,390.37336694349057);
INSERT INTO portfolio_transaction (portfolio_transaction_id,portfolio_id,ticker_id,buy_sell,transaction_date,notional,price) VALUES (9390632,1986392,5977308,'S','2024-07-18',3444,603.7425933837809);
INSERT INTO portfolio_transaction (portfolio_transaction_id,portfolio_id,ticker_id,buy_sell,transaction_date,notional,price) VALUES (3273883,8623093,2447641,'B','2024-09-04',611,516.68471058707);
INSERT INTO portfolio_transaction (portfolio_transaction_id,portfolio_id,ticker_id,buy_sell,transaction_date,notional,price) VALUES (6457776,9278290,1809662,'S','2024-10-01',3585,570.3609249109395);
INSERT INTO portfolio_transaction (portfolio_transaction_id,portfolio_id,ticker_id,buy_sell,transaction_date,notional,price) VALUES (2258762,6148857,5310716,'B','2024-07-03',8214,210.25153822577514);
INSERT INTO portfolio_transaction (portfolio_transaction_id,portfolio_id,ticker_id,buy_sell,transaction_date,notional,price) VALUES (7512589,8801736,8203953,'B','2024-10-31',8008,55.351745699775854);
INSERT INTO portfolio_transaction (portfolio_transaction_id,portfolio_id,ticker_id,buy_sell,transaction_date,notional,price) VALUES (1828757,5528926,5785268,'B','2024-03-05',3974,228.91746376225476);
INSERT INTO portfolio_transaction (portfolio_transaction_id,portfolio_id,ticker_id,buy_sell,transaction_date,notional,price) VALUES (8484345,2695814,9265920,'B','2024-04-09',5464,881.3857984553082);
INSERT INTO portfolio_transaction (portfolio_transaction_id,portfolio_id,ticker_id,buy_sell,transaction_date,notional,price) VALUES (8984943,3742510,3589986,'B','2024-11-04',266,237.98728222706623);
INSERT INTO portfolio_transaction (portfolio_transaction_id,portfolio_id,ticker_id,buy_sell,transaction_date,notional,price) VALUES (7720064,4568145,5825745,'B','2024-02-05',1693,954.536064457822);
INSERT INTO portfolio_transaction (portfolio_transaction_id,portfolio_id,ticker_id,buy_sell,transaction_date,notional,price) VALUES (4986170,9592050,3589986,'S','2024-10-28',8920,616.1000567363677);
INSERT INTO portfolio_transaction (portfolio_transaction_id,portfolio_id,ticker_id,buy_sell,transaction_date,notional,price) VALUES (5053210,6853647,8909580,'S','2024-10-03',2533,909.4705380877093);
INSERT INTO portfolio_transaction (portfolio_transaction_id,portfolio_id,ticker_id,buy_sell,transaction_date,notional,price) VALUES (1822356,3003417,6306939,'B','2024-06-15',748,281.48195458578385);
INSERT INTO portfolio_transaction (portfolio_transaction_id,portfolio_id,ticker_id,buy_sell,transaction_date,notional,price) VALUES (1542241,8908456,3589986,'B','2024-01-21',7165,522.4275260587438);
INSERT INTO portfolio_transaction (portfolio_transaction_id,portfolio_id,ticker_id,buy_sell,transaction_date,notional,price) VALUES (9332323,8464654,5977308,'B','2024-05-15',6762,501.2508235972649);
INSERT INTO portfolio_transaction (portfolio_transaction_id,portfolio_id,ticker_id,buy_sell,transaction_date,notional,price) VALUES (2414290,5776213,4693743,'B','2024-02-11',901,617.1491630347449);
INSERT INTO portfolio_transaction (portfolio_transaction_id,portfolio_id,ticker_id,buy_sell,transaction_date,notional,price) VALUES (2060732,6853647,4204493,'S','2024-06-07',3068,564.1276635193806);
INSERT INTO portfolio_transaction (portfolio_transaction_id,portfolio_id,ticker_id,buy_sell,transaction_date,notional,price) VALUES (2148259,2211752,4204493,'S','2024-02-02',7180,433.0129172265581);
INSERT INTO portfolio_transaction (portfolio_transaction_id,portfolio_id,ticker_id,buy_sell,transaction_date,notional,price) VALUES (3517537,2994712,2761767,'B','2024-02-24',9029,772.3315911113802);
INSERT INTO portfolio_transaction (portfolio_transaction_id,portfolio_id,ticker_id,buy_sell,transaction_date,notional,price) VALUES (7647977,8998357,5785268,'S','2024-03-31',3857,939.8249202699909);
INSERT INTO portfolio_transaction (portfolio_transaction_id,portfolio_id,ticker_id,buy_sell,transaction_date,notional,price) VALUES (7038314,7551711,3589986,'B','2024-02-21',2516,39.98271234229123);
INSERT INTO portfolio_transaction (portfolio_transaction_id,portfolio_id,ticker_id,buy_sell,transaction_date,notional,price) VALUES (2156032,6727661,3152034,'B','2024-08-31',4163,772.661267345832);
INSERT INTO portfolio_transaction (portfolio_transaction_id,portfolio_id,ticker_id,buy_sell,transaction_date,notional,price) VALUES (8944904,2386660,7916396,'S','2024-07-18',1221,27.59291469352476);
INSERT INTO portfolio_transaction (portfolio_transaction_id,portfolio_id,ticker_id,buy_sell,transaction_date,notional,price) VALUES (9661771,6148857,4108863,'B','2024-09-10',143,873.2682749868824);
INSERT INTO portfolio_transaction (portfolio_transaction_id,portfolio_id,ticker_id,buy_sell,transaction_date,notional,price) VALUES (5866847,2952825,5977308,'B','2024-05-28',8531,307.9968124751099);
INSERT INTO portfolio_transaction (portfolio_transaction_id,portfolio_id,ticker_id,buy_sell,transaction_date,notional,price) VALUES (1837487,1376404,1809662,'B','2024-06-22',6742,315.6753178948931);
INSERT INTO portfolio_transaction (portfolio_transaction_id,portfolio_id,ticker_id,buy_sell,transaction_date,notional,price) VALUES (1150989,5357178,6655063,'S','2024-04-29',447,612.1749339350497);
INSERT INTO portfolio_transaction (portfolio_transaction_id,portfolio_id,ticker_id,buy_sell,transaction_date,notional,price) VALUES (6425221,8335011,4246994,'S','2024-05-30',7766,942.1612548449964);
INSERT INTO portfolio_transaction (portfolio_transaction_id,portfolio_id,ticker_id,buy_sell,transaction_date,notional,price) VALUES (2680761,7344382,9517466,'B','2024-01-28',8853,12.781643663982267);
INSERT INTO portfolio_transaction (portfolio_transaction_id,portfolio_id,ticker_id,buy_sell,transaction_date,notional,price) VALUES (9915153,4107142,9839097,'S','2024-04-19',8348,237.52462556951315);
INSERT INTO portfolio_transaction (portfolio_transaction_id,portfolio_id,ticker_id,buy_sell,transaction_date,notional,price) VALUES (3771311,8683763,1809662,'S','2024-08-06',8824,826.5221023551009);
INSERT INTO portfolio_transaction (portfolio_transaction_id,portfolio_id,ticker_id,buy_sell,transaction_date,notional,price) VALUES (8112348,9689734,9517466,'S','2024-09-28',5286,200.50513887420385);
INSERT INTO portfolio_transaction (portfolio_transaction_id,portfolio_id,ticker_id,buy_sell,transaction_date,notional,price) VALUES (7253901,7730788,3152034,'S','2024-09-02',8105,453.5293030359091);
INSERT INTO portfolio_transaction (portfolio_transaction_id,portfolio_id,ticker_id,buy_sell,transaction_date,notional,price) VALUES (1675316,4587728,8545473,'S','2024-04-07',3193,28.16429932231024);
INSERT INTO portfolio_transaction (portfolio_transaction_id,portfolio_id,ticker_id,buy_sell,transaction_date,notional,price) VALUES (5925290,4846657,3152034,'B','2024-01-18',1245,826.1315126019791);
INSERT INTO portfolio_transaction (portfolio_transaction_id,portfolio_id,ticker_id,buy_sell,transaction_date,notional,price) VALUES (7683071,5629290,2185536,'B','2024-10-03',4364,498.74607754714896);
INSERT INTO portfolio_transaction (portfolio_transaction_id,portfolio_id,ticker_id,buy_sell,transaction_date,notional,price) VALUES (6519864,1032669,5825745,'B','2024-04-06',2295,107.3762666848418);
INSERT INTO portfolio_transaction (portfolio_transaction_id,portfolio_id,ticker_id,buy_sell,transaction_date,notional,price) VALUES (5887611,5776213,7523768,'S','2024-07-11',4039,516.4230821668693);
INSERT INTO portfolio_transaction (portfolio_transaction_id,portfolio_id,ticker_id,buy_sell,transaction_date,notional,price) VALUES (9961399,6882550,4693743,'S','2024-10-20',6148,381.11881561027815);
INSERT INTO portfolio_transaction (portfolio_transaction_id,portfolio_id,ticker_id,buy_sell,transaction_date,notional,price) VALUES (9716576,6586827,9303735,'S','2024-06-11',9550,800.8245848822683);
INSERT INTO portfolio_transaction (portfolio_transaction_id,portfolio_id,ticker_id,buy_sell,transaction_date,notional,price) VALUES (6355268,4568145,6306939,'S','2024-06-04',9309,223.16863767353001);
INSERT INTO portfolio_transaction (portfolio_transaction_id,portfolio_id,ticker_id,buy_sell,transaction_date,notional,price) VALUES (7984075,6039010,5087717,'S','2024-01-19',8214,618.6119879309447);
INSERT INTO portfolio_transaction (portfolio_transaction_id,portfolio_id,ticker_id,buy_sell,transaction_date,notional,price) VALUES (3350786,5933587,8203953,'S','2024-09-13',4871,575.5703255904206);